year,y,y_pre
2009/11/27,13.23,13.2967844
2009/11/30,13.47,13.11398411
2009/12/1,13.5,13.0371666
2009/12/2,13.57,13.0444212
2009/12/3,13.52,13.10138798
2009/12/4,13.97,13.12615585
2009/12/7,13.91,13.30216312
2009/12/8,13.78,13.35956001
2009/12/9,13.63,13.33746147
2009/12/10,13.59,13.26760197
2009/12/11,13.5,13.22061157
2009/12/14,13.99,13.20335007
2009/12/15,13.76,13.3459444
2009/12/16,13.66,13.34460258
2009/12/17,13.45,13.28316879
2009/12/18,13.28,13.2038641
2009/12/21,13.35,13.11142826
2009/12/22,13.06,13.04105663
2009/12/23,13.14,12.96436977
2009/12/24,13.31,12.87061119
2009/12/25,13.22,12.89907074
2009/12/28,13.4,12.93165874
2009/12/29,13.55,12.97425175
2009/12/30,13.81,13.0439043
2009/12/31,13.82,13.22389507
2010/1/4,13.63,13.28531837
2010/1/5,13.89,13.27261448
2010/1/6,13.7,13.31437588
2010/1/7,13.61,13.32551479
2010/1/8,13.45,13.32999516
2010/1/11,13.72,13.20374012
2010/1/12,14.28,13.27187634
2010/1/13,13.83,13.46273899
2010/1/14,13.88,13.4888525
2010/1/15,13.78,13.36911297
2010/1/18,13.72,13.28534031
2010/1/19,13.85,13.23892498
2010/1/20,13.67,13.33422565
2010/1/21,13.51,13.36773109
2010/1/22,13.53,13.29518509
2010/1/25,13.39,13.17742348
2010/1/26,13.15,13.06790161
2010/1/27,13.14,12.98583508
2010/1/28,13.12,12.91495228
2010/1/29,13.08,12.87621784
2010/2/1,12.83,12.84268284
2010/2/2,12.82,12.74620342
2010/2/3,13.04,12.67223454
2010/2/4,12.91,12.6435051
2010/2/5,12.71,12.64872742
2010/2/8,12.7,12.57596302
2010/2/9,12.76,12.51566505
2010/2/10,12.84,12.47397709
2010/2/11,12.87,12.48795986
2010/2/12,13.01,12.53334999
2010/2/22,12.92,12.61132526
2010/2/23,12.84,12.65500927
2010/2/24,12.96,12.62734509
2010/2/25,13.05,12.60791111
2010/2/26,13,12.67599773
2010/3/1,13.06,12.70084858
2010/3/2,12.95,12.71926403
2010/3/3,12.99,12.71782398
2010/3/4,12.78,12.70785618
2010/3/5,12.8,12.66782093
2010/3/8,12.85,12.59016514
2010/3/9,12.88,12.54437923
2010/3/10,12.85,12.55335426
2010/3/11,12.94,12.57001019
2010/3/12,12.82,12.61802101
2010/3/15,12.66,12.61293888
2010/3/16,12.66,12.54615498
2010/3/17,12.82,12.46541595
2010/3/18,12.8,12.46292591
2010/3/19,12.86,12.49511147
2010/3/22,12.85,12.51614666
2010/3/23,12.81,12.55248356
2010/3/24,12.77,12.57012653
2010/3/25,12.65,12.55923843
2010/3/26,12.77,12.50953388
2010/3/29,12.93,12.47883034
2010/3/30,12.92,12.56495953
2010/3/31,12.84,12.59538174
2010/4/1,12.91,12.58548355
2010/4/2,12.98,12.60091019
2010/4/6,12.98,12.65420437
2010/4/7,12.91,12.69679165
2010/4/8,12.76,12.67362309
2010/4/9,12.81,12.62587833
2010/4/12,12.76,12.56833649
2010/4/13,13.05,12.55275059
2010/4/14,12.97,12.64915466
2010/4/15,13.23,12.68368244
2010/4/16,13.04,12.77631569
2010/4/19,12.49,12.77292919
2010/4/20,12.42,12.62271976
2010/4/21,12.56,12.41125011
2010/4/22,12.34,12.2968359
2010/4/23,12.25,12.23514938
2010/4/26,12.2,12.12968922
2010/4/27,11.92,12.04764557
2010/4/28,11.99,11.91694736
2010/4/29,11.95,11.79347897
2010/4/30,12.1,11.74752998
2010/5/4,11.97,11.73855782
2010/5/5,11.92,11.71837902
2010/5/6,11.31,11.68173981
2010/5/7,11.04,11.51511765
2010/5/10,11.08,11.23235416
2010/5/11,10.98,11.00982952
2010/5/12,11.11,10.89198017
2010/5/13,11.22,10.77684498
2010/5/14,11.15,10.77760601
2010/5/17,10.73,10.80434799
2010/5/18,10.89,10.73998356
2010/5/19,10.87,10.67703533
2010/5/20,0,10.62636566
2010/5/21,10.84,10.01620007
2010/5/24,11.1,10.24494457
2010/5/25,10.85,10.82773876
2010/5/26,10.81,11.08363533
2010/5/27,10.92,10.89787674
2010/5/28,10.96,10.5659399
2010/5/31,10.85,10.62574768
2010/6/1,10.86,10.64090347
2010/6/2,10.77,10.63500881
2010/6/4,10.61,10.58328438
2010/6/7,10.38,10.48278427
2010/6/8,10.38,10.35947704
2010/6/9,10.6,10.2584734
2010/6/10,10.63,10.2220335
2010/6/11,10.69,10.23544407
2010/6/17,10.68,10.28805256
2010/6/18,10.58,10.367136
2010/6/21,10.79,10.39086628
2010/6/22,10.76,10.40175819
2010/6/23,10.77,10.42577267
2010/6/24,10.76,10.43951225
2010/6/25,10.71,10.45298862
2010/6/28,10.67,10.45807362
2010/6/29,10.29,10.43770504
2010/6/30,10.25,10.36920738
2010/7/1,10.19,10.25230408
2010/7/2,10.33,10.14041424
2010/7/5,10.34,10.06855679
2010/7/6,10.43,10.0366354
2010/7/7,10.41,10.05744743
2010/7/8,10.38,10.0787611
2010/7/9,10.53,10.0981636
2010/7/12,10.52,10.14431667
2010/7/13,10.36,10.19199944
2010/7/14,10.41,10.19405556
2010/7/15,10.28,10.17492008
2010/7/16,10.21,10.13563251
2010/7/19,10.28,10.0783596
2010/7/20,10.44,10.02052593
2010/7/21,10.44,10.04197121
2010/7/22,10.49,10.08394527
2010/7/23,10.55,10.10916424
2010/7/26,10.56,10.16784191
2010/7/27,10.48,10.21771431
2010/7/28,10.66,10.22416019
2010/7/29,10.75,10.2699728
2010/7/30,10.71,10.35705185
2010/8/2,10.76,10.38269901
2010/8/3,10.62,10.40587139
2010/8/4,10.68,10.41609097
2010/8/5,10.55,10.40138912
2010/8/6,10.67,10.37270355
2010/8/9,10.69,10.35066319
2010/8/10,10.41,10.35551071
2010/8/11,10.39,10.3315897
2010/8/12,10.26,10.26106644
2010/8/13,10.32,10.18943501
2010/8/16,10.46,10.12497616
2010/8/17,10.43,10.09852314
2010/8/18,10.39,10.11480618
2010/8/19,10.58,10.12009907
2010/8/20,10.42,10.1941061
2010/8/23,10.35,10.21423531
2010/8/24,10.37,10.17529202
2010/8/25,10.23,10.13771343
2010/8/26,10.24,10.09360027
2010/8/27,10.31,10.05405903
2010/8/30,10.35,10.03658772
2010/8/31,10.28,10.04637623
2010/9/1,10.23,10.0401125
2010/9/2,10.31,10.0343504
2010/9/3,10.24,10.03847408
2010/9/6,10.39,10.02989674
2010/9/7,10.35,10.05217075
2010/9/8,10.29,10.06775284
2010/9/9,10.19,10.06639862
2010/9/10,10.18,10.04784966
2010/9/13,10.27,10.01197147
2010/9/14,10.25,9.996294975
2010/9/15,10.2,9.984154701
2010/9/17,9.98,9.973296165
2010/9/20,9.98,9.920905113
2010/9/21,9.99,9.869753838
2010/9/27,9.99,9.819304466
2010/9/28,9.94,9.783617973
2010/9/29,10.05,9.751519203
2010/9/30,10.18,9.766860962
2010/10/8,10.47,9.81535244
2010/10/11,10.78,9.931908607
2010/10/12,11.15,10.14730072
2010/10/13,11.02,10.40391636
2010/10/14,11.34,10.57881451
2010/10/15,11.55,10.7779665
2010/10/18,11.4,10.96855831
2010/10/19,11.44,11.13070965
2010/10/20,11.26,11.1218605
2010/10/21,11.26,11.04151249
2010/10/22,11.12,11.00770664
2010/10/25,11.45,10.94015312
2010/10/26,11.56,10.97319317
2010/10/27,11.32,11.21598148
2010/10/28,11.29,11.186656
2010/10/29,11.19,11.06057835
2010/11/1,11.39,10.98390484
2010/11/2,11.4,10.99498177
2010/11/3,11.47,11.09524918
2010/11/4,11.89,11.15173817
2010/11/5,11.99,11.32266617
2010/11/8,12.14,11.56557083
2010/11/9,11.82,11.73250866
2010/11/10,11.83,11.69726086
2010/11/11,12.74,11.6066246
2010/11/12,12.54,11.94322205
2010/11/15,12.38,12.36728668
2010/11/16,11.57,12.21129131
2010/11/17,11.35,11.77621365
2010/11/18,11.39,11.31742573
2010/11/19,11.28,11.13008404
2010/11/22,11.18,11.07786846
2010/11/23,10.86,10.96832657
2010/11/24,10.95,10.84825516
2010/11/25,11.18,10.74441624
2010/11/26,10.98,10.7618618
2010/11/29,10.97,10.76664352
2010/11/30,11.07,10.70445919
2010/12/1,10.97,10.75177288
2010/12/2,11.1,10.71399403
2010/12/3,11.24,10.75220394
2010/12/6,11.77,10.81982422
2010/12/7,11.78,11.04920769
2010/12/8,11.56,11.21790695
2010/12/9,11.38,11.25901985
2010/12/10,11.45,11.22875309
2010/12/13,11.95,11.17606258
2010/12/14,11.82,11.33071423
2010/12/15,11.71,11.43804073
2010/12/16,11.69,11.44860268
2010/12/17,11.56,11.44621372
2010/12/20,11.31,11.40054417
2010/12/21,11.52,11.30176353
2010/12/22,11.44,11.22745419
2010/12/23,11.4,11.23938274
2010/12/24,11.42,11.18384647
2010/12/27,11.16,11.13878536
2010/12/28,11.07,11.10484028
2010/12/29,11.07,10.98401165
2010/12/30,11.15,10.8913269
2010/12/31,11.22,10.83219814
2011/1/4,11.39,10.82830143
2011/1/5,11.24,10.91271305
2011/1/6,11.14,10.94487667
2011/1/7,11.18,10.92028046
2011/1/10,11.11,10.91291428
2011/1/11,11.23,10.89701557
2011/1/12,11.24,10.89430904
2011/1/13,11.39,10.9131918
2011/1/14,11.42,10.99034882
2011/1/17,11.4,11.03965855
2011/1/18,11.24,11.10604191
2011/1/19,11.37,11.05407143
2011/1/20,11.02,11.01776695
2011/1/21,11.12,10.96590137
2011/1/24,11.28,10.88406086
2011/1/25,11.19,10.90948296
2011/1/26,11.22,10.90588188
2011/1/27,11.36,10.88138294
2011/1/28,11.28,10.94046021
2011/1/31,11.42,10.96883297
2011/2/1,11.68,11.03155041
2011/2/9,11.46,11.18741035
2011/2/10,11.53,11.2205925
2011/2/11,11.45,11.20008183
2011/2/14,11.68,11.20158195
2011/2/15,11.71,11.2920475
2011/2/16,11.7,11.40438175
2011/2/17,11.69,11.38143444
2011/2/18,11.58,11.37599659
2011/2/21,11.71,11.35271454
2011/2/22,11.59,11.41235733
2011/2/23,11.45,11.52537155
2011/2/24,11.53,11.38662052
2011/2/25,11.41,11.28720284
2011/2/28,11.41,11.17909336
2011/3/1,11.45,11.13422298
2011/3/2,11.49,11.1460762
2011/3/3,11.65,11.17474747
2011/3/4,11.79,11.30201721
2011/3/7,12.1,11.42219925
2011/3/8,12.08,11.66217518
2011/3/9,12,11.66120815
2011/3/10,11.92,11.60694599
2011/3/11,11.84,11.62197208
2011/3/14,11.69,11.59597111
2011/3/15,11.54,11.57338238
2011/3/16,11.55,11.46459103
2011/3/17,11.64,11.34454632
2011/3/18,11.57,11.33539104
2011/3/21,11.75,11.33436394
2011/3/22,11.76,11.3833456
2011/3/23,11.79,11.42526722
2011/3/24,11.93,11.45105457
2011/3/25,11.94,11.624897
2011/3/28,11.99,11.65590572
2011/3/29,11.87,11.68857956
2011/3/30,11.94,11.65859222
2011/3/31,11.9,11.64118671
2011/4/1,12,11.62512016
2011/4/6,12.15,11.64232159
2011/4/7,12.11,11.76861858
2011/4/8,12.17,11.84265518
2011/4/11,12.18,11.84707355
2011/4/12,12.05,11.91829967
2011/4/13,12.02,11.87155056
2011/4/14,12.02,11.79601383
2011/4/15,12.02,11.75846291
2011/4/18,12.11,11.71378231
2011/4/19,11.86,11.78764057
2011/4/20,11.9,11.75024509
2011/4/21,11.95,11.67848015
2011/4/22,11.89,11.66391659
2011/4/25,11.78,11.65537834
2011/4/26,11.72,11.61647415
2011/4/27,11.68,11.55286121
2011/4/28,11.68,11.49303722
2011/4/29,11.71,11.47161579
2011/5/3,11.72,11.46027851
2011/5/4,11.46,11.44219875
2011/5/5,11.4,11.38146305
2011/5/6,11.15,11.27940655
2011/5/9,11.15,11.13187885
2011/5/10,11.2,11.00681019
2011/5/11,11.18,10.92164326
2011/5/12,11.03,10.88627338
2011/5/13,11.13,10.84441471
2011/5/16,11.05,10.82933903
2011/5/17,11.02,10.80541801
2011/5/18,0,10.77778721
2011/5/19,11.04,10.12610626
2011/5/20,11.08,10.45687962
2011/5/23,10.87,11.00972939
2011/5/24,10.66,11.20576
2011/5/25,10.84,10.9517889
2011/5/26,10.88,10.61362553
2011/5/27,10.97,10.57957554
2011/5/30,10.98,10.59745979
2011/5/31,11.01,10.61246967
2011/6/2,10.7,10.6495142
2011/6/3,10.71,10.60310364
2011/6/7,10.83,10.531703
2011/6/8,10.84,10.52619743
2011/6/9,10.81,10.50845432
2011/6/10,10.83,10.49200344
2011/6/13,10.82,10.50091934
2011/6/14,10.87,10.50658417
2011/6/15,10.92,10.52486134
2011/6/16,10.72,10.55976391
2011/6/17,10.77,10.52938938
2011/6/20,10.66,10.49628544
2011/6/21,10.67,10.4651947
2011/6/22,10.69,10.43827438
2011/6/23,10.74,10.41665363
2011/6/24,10.82,10.41657352
2011/6/27,10.82,10.46723557
2011/6/28,10.76,10.51720428
2011/6/29,10.78,10.50323391
2011/6/30,10.89,10.4953537
2011/7/1,10.83,10.51449013
2011/7/4,10.95,10.53330135
2011/7/5,10.93,10.59431648
2011/7/6,11.06,10.6257925
2011/7/7,10.94,10.70417595
2011/7/8,10.88,10.69794464
2011/7/11,10.88,10.63745785
2011/7/12,10.72,10.58581638
2011/7/13,10.76,10.53859615
2011/7/14,10.79,10.51808453
2011/7/15,10.76,10.50675583
2011/7/18,10.69,10.49336243
2011/7/19,10.68,10.48396111
2011/7/20,10.7,10.46996593
2011/7/21,10.61,10.44647598
2011/7/22,10.58,10.41367054
2011/7/25,10.36,10.37647057
2011/7/26,10.6,10.32709408
2011/7/27,10.73,10.28669071
2011/7/28,10.79,10.31292725
2011/7/29,10.68,10.33919621
2011/8/1,10.65,10.34380436
2011/8/2,10.45,10.35190201
2011/8/3,10.45,10.31834698
2011/8/4,10.45,10.28422356
2011/8/5,10.18,10.23770618
2011/8/8,9.86,10.16088772
2011/8/9,9.76,10.03973866
2011/8/10,9.85,9.903166771
2011/8/11,9.92,9.797221184
2011/8/12,9.97,9.687565804
2011/8/15,10.04,9.651946068
2011/8/16,9.97,9.672072411
2011/8/17,9.96,9.719319344
2011/8/18,9.87,9.73283577
2011/8/19,9.81,9.73161602
2011/8/22,9.77,9.698363304
2011/8/23,9.89,9.658788681
2011/8/24,9.84,9.632807732
2011/8/25,10.1,9.619819641
2011/8/26,10.04,9.656842232
2011/8/29,9.94,9.711744308
2011/8/30,9.92,9.729914665
2011/8/31,9.88,9.735711098
2011/9/1,9.85,9.726054192
2011/9/2,9.77,9.698586464
2011/9/5,9.6,9.65973568
2011/9/6,9.7,9.606890678
2011/9/7,9.79,9.555533409
2011/9/8,9.78,9.531509399
2011/9/9,9.81,9.52442646
2011/9/13,9.73,9.535714149
2011/9/14,9.8,9.551754951
2011/9/16,9.69,9.565516472
2011/9/19,9.57,9.553509712
2011/9/20,9.63,9.514409065
2011/9/21,9.77,9.480682373
2011/9/22,9.6,9.480494499
2011/9/23,9.57,9.467858315
2011/9/26,9.63,9.438886642
2011/9/27,9.7,9.426999092
2011/9/28,9.76,9.43126297
2011/9/29,9.81,9.446858406
2011/9/30,9.87,9.479968071
2011/10/10,9.76,9.532290459
2011/10/11,9.81,9.559659958
2011/10/12,9.98,9.567090988
2011/10/13,9.99,9.592216492
2011/10/14,9.89,9.633802414
2011/10/17,9.92,9.63964653
2011/10/18,9.73,9.645208359
2011/10/19,9.74,9.635838509
2011/10/20,0,9.608819008
2011/10/21,9.65,9.267084122
2011/10/24,9.83,9.321572304
2011/10/25,9.86,9.61809063
2011/10/26,9.88,9.846437454
2011/10/27,9.89,9.824929237
2011/10/28,9.98,9.610463142
2011/10/31,9.88,9.669313431
2011/11/1,9.89,9.686608315
2011/11/2,9.96,9.686758041
2011/11/3,9.96,9.686758995
2011/11/4,10.11,9.706802368
2011/11/7,10.04,9.751979828
2011/11/8,10.13,9.780600548
2011/11/9,10.19,9.832407951
2011/11/10,10.06,9.86937809
2011/11/11,10.09,9.875390053
2011/11/14,10.18,9.864216805
2011/11/15,10.12,9.87211132
2011/11/16,9.92,9.88104248
2011/11/17,9.91,9.850403786
2011/11/18,9.81,9.808017731
2011/11/21,9.79,9.750758171
2011/11/22,9.77,9.679379463
2011/11/23,9.7,9.613259315
2011/11/24,9.68,9.57681942
2011/11/25,9.65,9.536224365
2011/11/28,9.72,9.506432533
2011/11/29,9.77,9.494767189
2011/11/30,9.46,9.498806
2011/12/1,9.59,9.478757858
2011/12/2,9.62,9.467985153
2011/12/5,9.66,9.446028709
2011/12/6,9.7,9.427197456
2011/12/7,9.7,9.407835007
2011/12/8,9.68,9.438527107
2011/12/9,9.66,9.452961922
2011/12/12,9.55,9.461744308
2011/12/13,9.56,9.451805115
2011/12/14,9.64,9.438105583
2011/12/15,9.51,9.426013947
2011/12/16,9.63,9.403802872
2011/12/19,9.63,9.384093285
2011/12/20,9.68,9.379836082
2011/12/21,9.7,9.394609451
2011/12/22,9.75,9.419861794
2011/12/23,9.83,9.457568169
2011/12/26,9.71,9.49738884
2011/12/27,9.68,9.522033691
2011/12/28,9.77,9.521195412
2011/12/29,9.79,9.516669273
2011/12/30,9.74,9.528864861
2012/1/4,9.75,9.533432007
2012/1/5,9.8,9.547366142
2012/1/6,9.96,9.564027786
2012/1/9,10.03,9.627421379
2012/1/10,10.12,9.667803764
2012/1/11,10.04,9.726687431
2012/1/12,10.06,9.779038429
2012/1/13,10.2,9.79313755
2012/1/16,10.09,9.834600449
2012/1/17,10.32,9.858298302
2012/1/18,10.22,9.902558327
2012/1/19,10.26,9.931872368
2012/1/20,10.26,9.949210167
2012/1/30,10.13,9.963614464
2012/1/31,10.21,9.966656685
2012/2/1,10.18,9.956025124
2012/2/2,10.21,9.950491905
2012/2/3,10.22,9.948449135
2012/2/6,10.23,9.944051743
2012/2/7,10.09,9.964940071
2012/2/8,10.26,9.94474411
2012/2/9,10.29,9.948025703
2012/2/10,10.31,9.966856956
2012/2/13,10.26,9.979763031
2012/2/14,10.24,9.980161667
2012/2/15,10.25,9.985379219
2012/2/16,10.17,9.988685608
2012/2/17,10.18,9.987732887
2012/2/20,10.29,9.971845627
2012/2/21,10.26,9.98955822
2012/2/22,10.27,9.991511345
2012/2/23,10.31,9.988184929
2012/2/24,10.43,10.01461411
2012/2/27,10.55,10.06402493
2012/2/28,10.6,10.19533634
2012/2/29,10.52,10.24112606
2012/3/1,10.44,10.2321825
2012/3/2,10.59,10.2045908
2012/3/5,10.47,10.22152233
2012/3/6,10.32,10.25287342
2012/3/7,10.28,10.21106529
2012/3/8,10.33,10.14748383
2012/3/9,10.33,10.1070509
2012/3/12,10.28,10.07721043
2012/3/13,10.37,10.0605011
2012/3/14,10.18,10.06074142
2012/3/15,10.23,10.06166172
2012/3/16,10.3,10.03187275
2012/3/19,10.26,10.00746441
2012/3/20,10.21,10.00078869
2012/3/21,10.1,9.995013237
2012/3/22,10.05,9.977930069
2012/3/23,10.04,9.933088303
2012/3/26,10.05,9.881260872
2012/3/27,10.03,9.836286545
2012/3/28,9.87,9.805584908
2012/3/29,9.71,9.778388023
2012/3/30,9.69,9.723786354
2012/4/5,9.72,9.658058167
2012/4/6,9.71,9.594119072
2012/4/9,9.62,9.534927368
2012/4/10,9.66,9.490006447
2012/4/11,9.7,9.466458321
2012/4/12,9.85,9.460625648
2012/4/13,9.81,9.490645409
2012/4/16,9.79,9.518874168
2012/4/17,9.79,9.540565491
2012/4/18,9.89,9.557965279
2012/4/19,9.87,9.587920189
2012/4/20,9.95,9.609530449
2012/4/23,9.85,9.633209229
2012/4/24,9.86,9.650460243
2012/4/25,9.92,9.663819313
2012/4/26,9.91,9.66849041
2012/4/27,9.93,9.669886589
2012/5/2,10.14,9.673083305
2012/5/3,10.11,9.734564781
2012/5/4,10.08,9.78435421
2012/5/7,9.98,9.815284729
2012/5/8,9.93,9.820590019
2012/5/9,9.73,9.800183296
2012/5/10,9.66,9.75344944
2012/5/11,9.66,9.682538033
2012/5/14,9.65,9.598672867
2012/5/15,9.6,9.540139198
2012/5/16,9.52,9.48086834
2012/5/17,9.61,9.441327095
2012/5/18,9.51,9.434985161
2012/5/21,9.52,9.407773018
2012/5/22,9.56,9.366214752
2012/5/23,0,9.356192589
2012/5/24,9.51,9.059207916
2012/5/25,9.48,9.116882324
2012/5/28,9.56,9.390278816
2012/5/29,9.58,9.582964897
2012/5/30,9.55,9.548226357
2012/5/31,9.45,9.365826607
2012/6/1,9.46,9.356695175
2012/6/4,9.3,9.339680672
2012/6/5,9.33,9.306498528
2012/6/6,9.33,9.259797096
2012/6/8,9.11,9.221479416
2012/6/11,9.21,9.162024498
2012/6/12,9.17,9.104146957
2012/6/13,9.19,9.081194878
2012/6/14,9.18,9.048962593
2012/6/15,9.21,9.022707939
2012/6/18,9.24,9.043498993
2012/6/19,9.19,9.057681084
2012/6/20,9.26,9.064007759
2012/6/21,9.12,9.074606895
2012/6/25,9.08,9.069678307
2012/6/26,9.04,9.049670219
2012/6/27,9.03,9.014784813
2012/6/28,8.98,8.984820366
2012/6/29,9.05,8.947796822
2012/7/2,9.06,8.926457405
2012/7/3,9.12,8.921729088
2012/7/4,9.07,8.929825783
2012/7/5,9.09,8.938756943
2012/7/6,9.11,8.951784134
2012/7/9,8.86,8.962615013
2012/7/10,8.96,8.944430351
2012/7/11,8.97,8.913726807
2012/7/12,8.93,8.882469177
2012/7/13,8.95,8.857620239
2012/7/16,8.91,8.82262516
2012/7/17,8.92,8.825726509
2012/7/18,8.93,8.818688393
2012/7/19,9,8.806393623
2012/7/20,8.98,8.829684258
2012/7/23,8.88,8.840079308
2012/7/24,8.86,8.839661598
2012/7/25,8.87,8.825549126
2012/7/26,8.82,8.808636665
2012/7/27,8.89,8.787554741
2012/7/30,8.85,8.77018261
2012/7/31,8.86,8.765878677
2012/8/1,8.91,8.770608902
2012/8/2,8.91,8.776164055
2012/8/3,9.02,8.784432411
2012/8/6,9.02,8.800551414
2012/8/7,9.01,8.830824852
2012/8/8,9.02,8.859164238
2012/8/9,9.03,8.879956245
2012/8/10,9,8.894745827
2012/8/13,8.98,8.90155983
2012/8/14,8.98,8.893780708
2012/8/15,8.91,8.887252808
2012/8/16,8.91,8.875768661
2012/8/17,8.96,8.853461266
2012/8/20,8.91,8.840737343
2012/8/21,8.93,8.832274437
2012/8/22,8.92,8.820857048
2012/8/23,8.88,8.817837715
2012/8/24,8.85,8.814305305
2012/8/27,8.77,8.80110836
2012/8/28,8.95,8.780891418
2012/8/29,8.81,8.779898643
2012/8/30,8.87,8.770648003
2012/8/31,8.81,8.757487297
2012/9/3,8.81,8.74506855
2012/9/4,8.78,8.744949341
2012/9/5,8.77,8.737565041
2012/9/6,8.78,8.7261343
2012/9/7,9,8.712273598
2012/9/10,8.99,8.732592583
2012/9/11,8.91,8.769485474
2012/9/12,8.93,8.796695709
2012/9/13,8.89,8.813467979
2012/9/14,8.95,8.822299004
2012/9/17,8.89,8.830496788
2012/9/19,8.78,8.822603226
2012/9/20,8.63,8.800424576
2012/9/21,8.67,8.759339333
2012/9/24,8.62,8.715041161
2012/9/25,8.66,8.660803795
2012/9/26,8.52,8.609155655
2012/9/27,8.72,8.572766304
2012/9/28,8.78,8.574683189
2012/10/8,8.72,8.586907387
2012/10/9,8.83,8.605338097
2012/10/10,8.85,8.630063057
2012/10/11,8.82,8.678846359
2012/10/12,8.85,8.707053185
2012/10/15,8.86,8.728281021
2012/10/16,8.87,8.742609978
2012/10/17,8.97,8.755400658
2012/10/18,8.99,8.775350571
2012/10/19,8.94,8.81346035
2012/10/22,8.85,8.837315559
2012/10/23,8.84,8.845389366
2012/10/24,8.84,8.829959869
2012/10/25,8.82,8.799788475
2012/10/26,8.73,8.765122414
2012/10/29,8.71,8.726986885
2012/10/30,8.74,8.714035988
2012/10/31,8.68,8.695910454
2012/11/1,8.74,8.66917038
2012/11/2,8.78,8.648931503
2012/11/5,8.79,8.655656815
2012/11/6,8.78,8.662996292
2012/11/7,8.82,8.666834831
2012/11/8,8.72,8.683714867
2012/11/9,8.69,8.689724922
2012/11/12,8.75,8.677666664
2012/11/13,8.63,8.665825844
2012/11/14,8.66,8.65242672
2012/11/15,8.61,8.627641678
2012/11/16,8.57,8.612370491
2012/11/19,8.56,8.591727257
2012/11/20,8.54,8.558114052
2012/11/21,8.59,8.53622818
2012/11/22,8.51,8.516690254
2012/11/23,8.52,8.499918938
2012/11/26,8.51,8.497443199
2012/11/27,8.56,8.490559578
2012/11/28,8.52,8.487524986
2012/11/29,8.5,8.485780716
2012/11/30,8.47,8.484148979
2012/12/3,8.47,8.473847389
2012/12/4,8.58,8.461168289
2012/12/5,8.69,8.459517479
2012/12/6,8.67,8.495317459
2012/12/7,8.71,8.52761364
2012/12/10,8.73,8.565903664
2012/12/11,8.69,8.599301338
2012/12/12,8.73,8.608654976
2012/12/13,8.68,8.625480652
2012/12/14,8.9,8.625303268
2012/12/17,8.91,8.655753136
2012/12/18,8.91,8.704699516
2012/12/19,8.9,8.746303558
2012/12/20,8.9,8.772314072
2012/12/21,8.82,8.788637161
2012/12/24,8.8,8.797361374
2012/12/25,8.97,8.783359528
2012/12/26,8.96,8.793928146
2012/12/27,8.92,8.805966377
2012/12/28,8.97,8.809709549
2012/12/31,9.04,8.825097084
2013/1/4,9.05,8.860098839
2013/1/7,9.05,8.899056435
2013/1/8,9.02,8.917189598
2013/1/9,9.02,8.926165581
2013/1/10,9,8.921988487
2013/1/11,8.91,8.923377037
2013/1/14,9.03,8.905147552
2013/1/15,9.03,8.89436245
2013/1/16,8.97,8.898133278
2013/1/17,8.91,8.897086143
2013/1/18,9,8.879824638
2013/1/21,9.11,8.875095367
2013/1/22,9.01,8.911463737
2013/1/23,9.04,8.927458763
2013/1/24,9.04,8.935236931
2013/1/25,9,8.950534821
2013/1/28,9.07,8.931592941
2013/1/29,9.07,8.928830147
2013/1/30,9.35,8.942536354
2013/1/31,9.26,9.025677681
2013/2/1,9.29,9.09250927
2013/2/4,9.36,9.110186577
2013/2/5,9.32,9.144042969
2013/2/6,9.27,9.1409235
2013/2/7,9.26,9.163256645
2013/2/8,9.33,9.151116371
2013/2/18,9.4,9.154211044
2013/2/19,9.28,9.185143471
2013/2/20,9.3,9.190579414
2013/2/21,9.05,9.175217628
2013/2/22,8.98,9.144864082
2013/2/25,9.01,9.08884716
2013/2/26,8.89,9.027494431
2013/2/27,8.96,8.961964607
2013/2/28,9.05,8.889276505
2013/3/1,9.01,8.877179146
2013/3/4,8.84,8.883349419
2013/3/5,8.86,8.869193077
2013/3/6,8.92,8.858529091
2013/3/7,8.85,8.84193325
2013/3/8,8.88,8.819515228
2013/3/11,8.88,8.782499313
2013/3/12,8.96,8.77752018
2013/3/13,8.86,8.798592567
2013/3/14,8.87,8.800204277
2013/3/15,8.92,8.80255127
2013/3/18,8.84,8.80328846
2013/3/19,8.89,8.796280861
2013/3/20,8.95,8.785412788
2013/3/21,8.93,8.794350624
2013/3/22,8.89,8.806735039
2013/3/25,8.93,8.811692238
2013/3/26,8.83,8.826291084
2013/3/27,8.82,8.817690849
2013/3/28,8.71,8.800597191
2013/3/29,8.69,8.769449234
2013/4/1,8.69,8.730971336
2013/4/2,8.73,8.682349205
2013/4/3,8.72,8.655705452
2013/4/8,8.61,8.62945652
2013/4/9,8.61,8.625182152
2013/4/10,8.65,8.612271309
2013/4/11,8.63,8.607224464
2013/4/12,8.63,8.593430519
2013/4/15,8.52,8.574512482
2013/4/16,8.53,8.572318077
2013/4/17,8.52,8.551645279
2013/4/18,8.48,8.527441025
2013/4/19,8.56,8.499760628
2013/4/22,8.57,8.483290672
2013/4/23,8.47,8.487717628
2013/4/24,8.51,8.488066673
2013/4/25,8.52,8.47544384
2013/4/26,8.48,8.474419594
2013/5/2,8.43,8.471387863
2013/5/3,8.5,8.452082634
2013/5/6,8.54,8.449081421
2013/5/7,8.53,8.451888084
2013/5/8,8.56,8.454092979
2013/5/9,8.53,8.462350845
2013/5/10,8.55,8.484305382
2013/5/13,8.5,8.495090485
2013/5/14,8.44,8.489883423
2013/5/15,8.45,8.480097771
2013/5/16,8.51,8.459614754
2013/5/17,8.59,8.447389603
2013/5/20,8.63,8.454033852
2013/5/21,8.6,8.475968361
2013/5/22,8.58,8.503481865
2013/5/23,8.51,8.518565178
2013/5/24,8.54,8.524089813
2013/5/27,8.55,8.522070885
2013/5/28,8.6,8.515397072
2013/5/29,8.58,8.515570641
2013/5/30,8.54,8.519215584
2013/5/31,8.52,8.525699615
2013/6/3,8.53,8.518774986
2013/6/4,8.5,8.50387764
2013/6/5,8.51,8.495224953
2013/6/7,8.28,8.47947979
2013/6/13,8.11,8.447490692
2013/6/14,8.13,8.391764641
2013/6/17,8.13,8.323950768
2013/6/18,8.12,8.255929947
2013/6/19,8.12,8.167341232
2013/6/20,8.01,8.113519669
2013/6/21,7.88,8.102609634
2013/6/24,7.53,8.07571888
2013/6/25,7.39,8.020266533
2013/6/26,7.31,7.914540291
2013/6/27,7.36,7.770488739
2013/6/28,7.61,7.606525898
2013/7/1,7.69,7.466477871
2013/7/2,7.85,7.420407295
2013/7/3,8.02,7.516997814
2013/7/4,8.04,7.640148163
2013/7/5,8.06,7.761612892
2013/7/8,8.07,7.874860764
2013/7/9,8.1,7.961932182
2013/7/10,8.09,8.020762444
2013/7/11,8.14,8.052743912
2013/7/12,8.12,8.086559296
2013/7/15,8.1,8.095657349
2013/7/16,7.99,8.10921669
2013/7/17,7.92,8.096215248
2013/7/18,7.89,8.066001892
2013/7/19,8.02,8.036222458
2013/7/22,8.08,8.014003754
2013/7/23,8.12,7.987073898
2013/7/24,8.07,8.002324104
2013/7/25,8.01,8.022509575
2013/7/26,7.96,8.050127029
2013/7/29,7.88,8.06271553
2013/7/30,8.05,8.039148331
2013/7/31,8.08,8.010929108
2013/8/1,8.08,7.992489815
2013/8/2,8.06,7.995859146
2013/8/5,8.06,8.017933846
2013/8/6,8.05,8.05428791
2013/8/7,7.97,8.071918488
2013/8/8,7.97,8.059912682
2013/8/9,7.98,8.034492493
2013/8/12,8.14,8.018139839
2013/8/13,8.11,8.024436951
2013/8/14,8.11,8.030153275
2013/8/15,8.03,8.059635162
2013/8/16,8.04,8.076434135
2013/8/19,8.05,8.116539001
2013/8/20,7.96,8.121001244
2013/8/21,7.98,8.091538429
2013/8/22,7.96,8.052097321
2013/8/23,7.91,8.016879082
2013/8/26,7.99,7.986528873
2013/8/27,0,7.974800587
2013/8/28,7.95,7.740344048
2013/8/29,7.92,7.569928169
2013/8/30,7.83,7.507424831
2013/9/2,7.82,7.549428463
2013/9/3,7.87,7.602499485
2013/9/4,7.92,7.905574799
2013/9/5,7.89,7.901655197
2013/9/6,7.89,7.880870342
2013/9/9,8.05,7.890632629
2013/9/10,8.18,7.936666489
2013/9/11,8.24,8.002661705
2013/9/13,8.08,8.081979752
2013/9/16,8.07,8.115114212
2013/9/17,8,8.131548882
2013/9/18,7.91,8.111543655
2013/9/23,7.96,8.083425522
2013/9/24,7.94,8.04515934
2013/9/25,7.91,8.016296387
2013/9/26,7.84,7.980951786
2013/9/27,7.84,7.951824665
2013/9/30,7.84,7.94026947
2013/10/8,7.9,7.915270805
2013/10/9,7.87,7.896699429
2013/10/10,7.82,7.881443977
2013/10/11,7.88,7.882878304
2013/10/14,7.88,7.884851933
2013/10/15,7.88,7.892484665
2013/10/16,7.81,7.894434929
2013/10/17,7.81,7.889111996
2013/10/18,7.81,7.887924671
2013/10/21,7.84,7.876698494
2013/10/22,7.8,7.863059998
2013/10/23,7.71,7.846972942
2013/10/24,7.6,7.839918137
2013/10/25,7.51,7.818360329
2013/10/28,7.55,7.77473259
2013/10/29,7.61,7.716688633
2013/10/30,7.78,7.659834385
2013/10/31,7.84,7.639081001
2013/11/1,7.86,7.673278809
2013/11/4,7.83,7.740695
2013/11/5,7.81,7.790934563
2013/11/6,7.91,7.826390743
2013/11/7,7.83,7.866112709
2013/11/8,7.76,7.875620842
2013/11/11,7.73,7.864468575
2013/11/12,7.77,7.841886997
2013/11/13,7.65,7.821174145
2013/11/14,7.64,7.795142174
2013/11/15,7.7,7.765328407
2013/11/18,7.84,7.745846272
2013/11/19,7.87,7.74569416
2013/11/20,7.9,7.763651371
2013/11/21,8.03,7.808796883
2013/11/22,8.1,7.865767479
2013/11/25,7.98,7.942751884
2013/11/26,7.92,7.987385273
2013/11/27,7.89,7.993056774
2013/11/28,7.94,7.978755951
2013/11/29,7.91,7.974325657
2013/12/2,8.27,7.956504822
2013/12/3,8.17,7.993695259
2013/12/4,8.2,8.056479454
2013/12/5,8.15,8.107531548
2013/12/6,8.18,8.126896858
2013/12/9,8.16,8.124320984
2013/12/10,8.1,8.156637192
2013/12/11,8.01,8.155711174
2013/12/12,8.01,8.136045456
2013/12/13,7.95,8.107102394
2013/12/16,7.81,8.074008942
2013/12/17,7.75,8.025842667
2013/12/18,7.76,7.967740536
2013/12/19,7.77,7.914625645
2013/12/20,7.69,7.863781929
2013/12/23,7.68,7.810786247
2013/12/24,7.69,7.780486584
2013/12/25,7.74,7.767911911
2013/12/26,7.7,7.755898952
2013/12/27,7.72,7.73636055
2013/12/30,7.7,7.740284443
2013/12/31,7.71,7.749517441
2014/1/2,7.67,7.751275063
2014/1/3,7.64,7.740875721
2014/1/6,7.77,7.737400055
2014/1/7,7.74,7.733254433
2014/1/8,7.64,7.729248047
2014/1/9,7.59,7.720005512
2014/1/10,7.53,7.706000328
2014/1/13,7.55,7.683596611
2014/1/14,7.62,7.674969196
2014/1/15,7.58,7.640702248
2014/1/16,7.54,7.621126175
2014/1/17,7.75,7.60537529
2014/1/20,7.63,7.63260603
2014/1/21,7.63,7.65284729
2014/1/22,7.69,7.66712141
2014/1/23,7.62,7.668131351
2014/1/24,7.62,7.670179844
2014/1/27,7.52,7.682665348
2014/1/28,7.56,7.669154644
2014/1/29,7.55,7.650790215
2014/1/30,7.54,7.630264759
2014/2/7,7.51,7.611634254
2014/2/10,7.56,7.588395119
2014/2/11,7.59,7.592082024
2014/2/12,7.56,7.594932556
2014/2/13,7.55,7.597865105
2014/2/14,7.56,7.594959736
2014/2/17,7.6,7.605686188
2014/2/18,7.56,7.611165047
2014/2/19,7.63,7.616094589
2014/2/20,7.99,7.626859665
2014/2/21,7.68,7.7289505
2014/2/24,7.51,7.789311409
2014/2/25,7.51,7.785938263
2014/2/26,7.55,7.744957447
2014/2/27,7.74,7.689440727
2014/2/28,7.69,7.647540092
2014/3/3,7.75,7.656522274
2014/3/4,7.7,7.69412756
2014/3/5,7.59,7.721909523
2014/3/6,7.67,7.719071388
2014/3/7,7.78,7.720267296
2014/3/10,7.8,7.729429245
2014/3/11,7.73,7.746852398
2014/3/12,7.56,7.763844013
2014/3/13,7.58,7.761157036
2014/3/14,7.54,7.733870983
2014/3/17,7.6,7.682879448
2014/3/18,7.57,7.636260986
2014/3/19,7.58,7.601540089
2014/3/20,7.56,7.611298084
2014/3/21,7.67,7.614797592
2014/3/24,7.7,7.639345646
2014/3/25,7.68,7.662714481
2014/3/26,7.63,7.683809757
2014/3/27,7.56,7.694947243
2014/3/28,7.57,7.689609528
2014/3/31,7.6,7.676651955
2014/4/1,7.6,7.657562256
2014/4/2,7.61,7.633247375
2014/4/3,7.58,7.62044239
2014/4/4,7.59,7.630475044
2014/4/8,7.66,7.637519836
2014/4/9,7.7,7.648918629
2014/4/10,7.73,7.666113853
2014/4/11,7.69,7.688837051
2014/4/14,7.69,7.71077013
2014/4/15,7.63,7.720808983
2014/4/16,7.63,7.728857994
2014/4/17,7.65,7.711393356
2014/4/18,7.61,7.698144436
2014/4/21,7.56,7.685070515
2014/4/22,7.6,7.664596558
2014/4/23,7.6,7.658155441
2014/4/24,7.59,7.647356033
2014/4/25,7.54,7.633382797
2014/4/28,7.48,7.623895645
2014/4/29,7.51,7.617331982
2014/4/30,7.52,7.600762844
2014/5/5,7.51,7.585418701
2014/5/6,7.5,7.564291954
2014/5/7,7.48,7.546859741
2014/5/8,7.49,7.550346375
2014/5/9,7.52,7.549017906
2014/5/12,7.59,7.543833256
2014/5/13,7.65,7.556573868
2014/5/14,7.66,7.589217663
2014/5/15,7.59,7.627007961
2014/5/16,7.63,7.64931345
2014/5/19,7.59,7.659663677
2014/5/20,7.63,7.660243988
2014/5/21,7.67,7.653041363
2014/5/22,7.64,7.651432991
2014/5/23,7.65,7.66113472
2014/5/26,7.65,7.664663315
2014/5/27,7.62,7.67792511
2014/5/28,7.63,7.681541443
2014/5/29,7.63,7.679850578
2014/5/30,7.6,7.677178383
2014/6/3,7.63,7.673397541
2014/6/4,7.65,7.6677351
2014/6/6,7.47,7.666770935
2014/6/9,7.48,7.651610374
2014/6/10,7.51,7.62012291
2014/6/11,7.51,7.596131802
2014/6/12,7.5,7.565175056
2014/6/13,7.55,7.538199425
2014/6/16,7.62,7.548119545
2014/6/17,7.58,7.565720558
2014/6/18,7.57,7.584646702
2014/6/19,7.52,7.598782539
2014/6/20,7.56,7.605598927
2014/6/23,7.52,7.605769157
2014/6/24,7.53,7.595267773
2014/6/25,7.53,7.58255291
2014/6/26,7.53,7.570303917
2014/6/27,7.53,7.572908401
2014/6/30,7.54,7.574701309
2014/7/1,7.51,7.572740555
2014/7/2,7.53,7.567845345
2014/7/3,7.55,7.567521095
2014/7/4,7.54,7.570524216
2014/7/7,7.54,7.572654724
2014/7/8,7.53,7.570283413
2014/7/9,7.48,7.576710701
2014/7/10,7.48,7.57679081
2014/7/11,7.5,7.569207191
2014/7/14,7.52,7.557374954
2014/7/15,7.55,7.54647541
2014/7/16,7.57,7.542876244
2014/7/17,7.54,7.560943604
2014/7/18,7.55,7.575753212
2014/7/21,7.5,7.585757732
2014/7/22,7.53,7.585419655
2014/7/23,7.55,7.580962658
2014/7/24,7.65,7.578561783
2014/7/25,7.7,7.599617004
2014/7/28,7.85,7.621908188
2014/7/29,7.8,7.681669712
2014/7/30,8.04,7.740265369
2014/7/31,8.02,7.849884033
2014/8/1,7.97,7.929992199
2014/8/4,8.05,7.965387344
2014/8/5,8.03,7.989182949
2014/8/6,7.98,7.989089489
2014/8/7,7.86,8.028195381
2014/8/8,7.89,8.017097473
2014/8/11,7.98,7.997149467
2014/8/12,7.97,7.979887009
2014/8/13,7.94,7.954725266
2014/8/14,7.87,7.946369171
2014/8/15,7.94,7.957057953
2014/8/18,7.95,7.96578598
2014/8/19,8.02,7.964504719
2014/8/20,7.95,7.970393658
2014/8/21,7.88,7.977603912
2014/8/22,7.9,7.984758854
2014/8/25,7.93,7.97203064
2014/8/26,7.89,7.953980446
2014/8/27,7.91,7.942652225
2014/8/28,7.93,7.930303574
2014/8/29,7.89,7.947955132
2014/9/1,7.91,7.950423717
2014/9/2,7.95,7.946510315
2014/9/3,8.05,7.951590061
2014/9/4,8.09,7.966505527
2014/9/5,8.12,7.999885559
2014/9/9,8.09,8.043852806
2014/9/10,8.03,8.063943863
2014/9/11,8.02,8.072562218
2014/9/12,8.06,8.081570625
2014/9/15,8.07,8.077153206
2014/9/16,8.03,8.076114655
2014/9/17,8.05,8.073423386
2014/9/18,8.03,8.072524071
2014/9/22,7.75,8.072314262
2014/9/23,7.76,8.035367012
2014/9/24,7.84,7.976707458
2014/9/25,7.82,7.934354782
2014/9/26,7.79,7.884194851
2014/9/29,7.8,7.824547291
2014/9/30,7.79,7.833525658
2014/10/8,7.81,7.838982582
2014/10/9,7.84,7.841346264
2014/10/10,7.79,7.848924637
2014/10/13,7.75,7.853494644
2014/10/14,7.74,7.846920013
2014/10/15,7.75,7.832798958
2014/10/16,7.73,7.815226555
2014/10/17,7.69,7.799890518
2014/10/20,7.7,7.783951283
2014/10/21,7.68,7.770292282
2014/10/22,7.67,7.748135567
2014/10/23,7.58,7.728700638
2014/10/24,7.58,7.715380192
2014/10/27,7.56,7.705918312
2014/10/28,7.64,7.678679943
2014/10/29,7.69,7.653387547
2014/10/30,7.73,7.639727592
2014/10/31,7.84,7.673686504
2014/11/3,7.82,7.736515999
2014/11/4,7.78,7.794193268
2014/11/5,7.77,7.824570179
2014/11/6,7.79,7.824429035
2014/11/7,7.75,7.811420918
2014/11/10,7.86,7.827724457
2014/11/11,7.92,7.834852695
2014/11/12,7.89,7.92906189
2014/11/13,7.92,7.953306675
2014/11/14,7.83,7.946944714
2014/11/17,7.84,7.920450687
2014/11/18,7.74,7.871431828
2014/11/19,7.71,7.891816139
2014/11/20,7.71,7.857144356
2014/11/21,7.75,7.821657658
2014/11/24,7.82,7.797506809
2014/11/25,7.85,7.791637421
2014/11/26,7.98,7.819571972
2014/11/27,7.99,7.885516167
2014/11/28,8.17,7.962385654
2014/12/1,8.17,8.087128639
2014/12/2,8.37,8.23177433
2014/12/3,8.37,8.302905083
2014/12/4,9.21,8.414042473
2014/12/5,10.12,8.783198357
2014/12/8,10.32,9.652397156
2014/12/9,9.5,10.0129385
2014/12/10,9.5,9.97283268
2014/12/11,9.29,9.661501884
2014/12/12,9.35,9.435938835
2014/12/15,9.23,9.307322502
2014/12/16,9.56,9.136693001
2014/12/17,9.78,9.225214958
2014/12/18,9.79,9.515120506
2014/12/19,10.08,9.651415825
2014/12/22,10.36,9.813694954
2014/12/23,9.78,10.13766861
2014/12/24,9.48,9.955602646
2014/12/25,9.84,9.742841721
2014/12/26,10.12,9.587013245
2014/12/29,10.33,9.631822586
2014/12/30,10.45,10.12350559
2014/12/31,10.81,10.18649769
2015/1/5,11.89,10.43190861
2015/1/6,11.69,10.99901676
2015/1/7,12.39,11.52958012
2015/1/8,12.21,11.72327423
2015/1/9,12.07,12.12045193
2015/1/12,11.62,11.99143124
2015/1/13,11.64,11.54255295
2015/1/14,11.31,11.22303391
2015/1/15,12.29,11.08251095
2015/1/16,12.6,11.45113373
2015/1/19,11.44,12.05159092
2015/1/20,11.83,12.01007366
2015/1/21,12.69,11.67689514
2015/1/22,12.63,11.9374218
2015/1/23,12.82,12.03971863
2015/1/26,13.09,12.27987099
2015/1/27,12.61,12.31250858
2015/1/28,12.25,12.31162739
2015/1/29,11.98,12.02075481
2015/1/30,11.64,11.74737453
2015/2/2,11.22,11.56020069
2015/2/3,11.69,11.28408909
2015/2/4,11.41,11.30485821
2015/2/5,11.15,11.32487965
2015/2/6,10.89,11.21460819
2015/2/9,11.03,10.94330311
2015/2/10,11.23,10.76700115
2015/2/11,11.16,10.72073936
2015/2/12,11.18,10.71905041
2015/2/13,11.18,10.76934147
2015/2/16,11.07,10.94404316
2015/2/17,11.08,10.96632195
2015/2/25,11.23,10.87639141
2015/2/26,11.34,11.09546757
2015/2/27,11.42,11.09718704
2015/3/2,11.32,11.18127823
2015/3/3,10.93,11.09913254
2015/3/4,10.92,10.98923016
2015/3/5,10.71,10.78233433
2015/3/6,10.77,10.60651112
2015/3/9,10.89,10.48137569
2015/3/10,10.77,10.48193645
2015/3/11,10.75,10.51145744
2015/3/12,11.03,10.49761391
2015/3/13,11.06,10.70784473
2015/3/16,11.2,10.76145077
2015/3/17,11.48,10.87627411
2015/3/18,11.65,11.17856121
2015/3/19,11.64,11.37149143
2015/3/20,11.68,11.4236002
2015/3/23,11.8,11.40819931
2015/3/24,11.59,11.44101334
2015/3/25,11.33,11.39802647
2015/3/26,11.99,11.2021246
2015/3/27,11.7,11.62355042
2015/3/30,11.88,11.63631344
2015/3/31,11.73,11.56306362
2015/4/1,11.86,11.62951088
2015/4/2,11.91,11.40261459
2015/4/3,11.84,11.53252316
2015/4/7,12.27,11.46592999
2015/4/8,12.51,11.91148663
2015/4/9,12.39,12.42011929
2015/4/10,12.46,12.30765915
2015/4/13,12.69,12.07373428
2015/4/14,12.51,12.09467697
2015/4/15,12.47,12.05532169
2015/4/16,13.01,12.19191265
2015/4/17,13.38,12.63474369
2015/4/20,12.8,13.05521488
2015/4/21,12.99,12.95788097
2015/4/22,13.22,12.51537228
2015/4/23,13.34,12.54033375
2015/4/24,13.32,12.82793331
2015/4/27,14.65,13.10995388
2015/4/28,14.33,13.47371769
2015/4/29,13.71,13.76766396
2015/4/30,13.39,13.42675018
2015/5/4,13.5,12.99884129
2015/5/5,13.01,12.69288063
2015/5/6,12.61,12.75827026
2015/5/7,12.17,12.54545879
2015/5/8,12.41,12.13519192
2015/5/11,12.66,11.89584923
2015/5/12,12.69,11.97877407
2015/5/13,12.43,12.16895008
2015/5/14,12.47,12.16468143
2015/5/15,12.11,12.14666176
2015/5/18,11.79,11.95227909
2015/5/19,12.19,11.68880939
2015/5/20,12.17,11.6369791
2015/5/21,12.22,11.80539036
2015/5/22,12.64,11.81184673
2015/5/25,12.98,12.14035988
2015/5/26,13.05,12.38039112
2015/5/27,13.35,12.53809738
2015/5/28,12.2,12.79651356
2015/5/29,11.92,12.62279415
2015/6/1,12.4,12.06609631
2015/6/2,12.37,11.79773331
2015/6/3,12.35,11.76063061
2015/6/4,12.61,11.79120541
2015/6/5,12.82,12.05556965
2015/6/8,13.33,12.43717575
2015/6/9,13.18,12.81010818
2015/6/10,12.98,12.78214359
2015/6/11,12.91,12.4856205
2015/6/12,12.96,12.24970436
2015/6/15,12.6,12.30696011
2015/6/16,12.09,12.38094139
2015/6/17,12.28,12.1363945
2015/6/18,11.8,11.91141701
2015/6/19,11.17,11.71693516
2015/6/23,11.49,11.49080944
2015/6/24,11.82,11.256217
2015/6/25,11.32,11.34994793
2015/6/26,10.53,11.27512741
2015/6/29,10.95,11.06721973
2015/6/30,11.33,10.95175266
2015/7/1,10.74,10.94436169
2015/7/2,11.68,10.77546024
2015/7/3,11.83,11.17496777
2015/7/6,13.01,11.6812582
2015/7/7,13.56,12.53298187
2015/7/8,12.33,13.01376152
2015/7/10,13.09,13.14078426
2015/7/13,12.53,12.90572071
2015/7/14,12.29,12.52224636
2015/7/15,13.52,12.10023975
2015/7/16,13.4,12.5520649
2015/7/17,13.17,13.05685616
2015/7/20,13.73,12.9302187
2015/7/21,13.48,13.12733364
2015/7/22,13.63,13.02914143
2015/7/23,13.66,13.08928776
2015/7/24,13.68,13.02624989
2015/7/27,12.37,13.18838978
2015/7/28,11.85,12.94005871
2015/7/29,11.65,12.43668842
2015/7/30,11.71,11.86444473
2015/7/31,11.09,11.58060741
2015/8/3,10.57,11.23704243
2015/8/4,10.82,10.81242847
2015/8/5,10.63,10.60651684
2015/8/6,10.48,10.47759819
2015/8/7,10.67,10.31093884
2015/8/10,11.07,10.29118443
2015/8/11,11.15,10.57358837
2015/8/12,10.99,10.8057127
2015/8/13,11.01,10.72043991
2015/8/14,10.98,10.63171768
2015/8/17,10.81,10.64774036
2015/8/18,11.13,10.63906002
2015/8/19,10.79,11.08306789
2015/8/20,10.32,10.98888016
2015/8/21,10,10.5779314
2015/8/24,9.51,10.23965359
2015/8/25,8.56,10.03440475
2015/8/26,8.58,9.778122902
2015/8/27,8.78,9.453948021
2015/8/28,9.14,9.1341362
2015/8/31,8.94,8.862761497
2015/9/1,9.21,8.70853138
2015/9/2,8.75,8.848010063
2015/9/7,8.63,8.9301548
2015/9/8,8.7,8.866877556
2015/9/9,9.01,8.766997337
2015/9/10,8.84,8.748214722
2015/9/11,8.81,8.738589287
2015/9/14,8.5,8.740334511
2015/9/15,8.48,8.704473495
2015/9/16,8.76,8.661258698
2015/9/17,8.57,8.673689842
2015/9/21,8.47,8.660168648
2015/9/22,8.55,8.53721714
2015/9/23,8.36,8.501046181
2015/9/24,8.4,8.476679802
2015/9/25,8.53,8.445724487
2015/9/28,8.43,8.455317497
2015/9/29,8.26,8.453356743
2015/9/30,8.23,8.40767765
2015/10/8,8.44,8.361479759
2015/10/9,8.52,8.355405807
2015/10/12,8.77,8.396508217
2015/10/13,8.68,8.475904465
2015/10/14,8.73,8.550032616
2015/10/15,8.82,8.609542847
2015/10/16,8.95,8.66484642
2015/10/19,8.9,8.766338348
2015/10/20,8.97,8.84378624
2015/10/21,8.92,8.837190628
2015/10/22,8.82,8.918955803
2015/10/23,8.83,8.862734795
2015/10/26,8.89,8.814137459
2015/10/27,8.81,8.789082527
2015/10/28,8.79,8.714598656
2015/10/29,8.82,8.780627251
2015/10/30,8.75,8.771727562
2015/11/2,8.53,8.753929138
2015/11/3,8.47,8.721846581
2015/11/4,8.74,8.64964962
2015/11/5,8.98,8.63748455
2015/11/6,9.1,8.761244774
2015/11/9,9.24,8.861248016
2015/11/10,9.26,8.991175652
2015/11/11,9.2,9.01194191
2015/11/12,9.11,8.975506783
2015/11/13,8.94,9.012648582
2015/11/16,8.98,8.985283852
2015/11/17,9.04,8.953180313
2015/11/18,9.05,8.96776104
2015/11/19,9.04,8.973876953
2015/11/20,8.99,8.964096069
2015/11/23,8.92,8.939505577
2015/11/24,8.91,8.910351753
2015/11/25,8.98,8.875044823
2015/11/26,8.97,8.879027367
2015/11/27,8.46,8.896446228
2015/11/30,8.4,8.861351967
2015/12/1,8.41,8.766511917
2015/12/2,8.64,8.653418541
2015/12/3,8.82,8.566287994
2015/12/4,8.58,8.511170387
2015/12/7,8.55,8.557813644
2015/12/8,8.38,8.559329987
2015/12/9,8.35,8.52244854
2015/12/10,8.33,8.488233566
2015/12/11,8.3,8.428733826
2015/12/14,8.43,8.389891624
2015/12/15,8.37,8.343309402
2015/12/16,8.46,8.342863083
2015/12/17,8.48,8.382912636
2015/12/18,8.48,8.42813015
2015/12/21,8.53,8.459254265
2015/12/22,8.52,8.486965179
2015/12/23,8.54,8.477643013
2015/12/24,8.48,8.504408836
2015/12/25,8.48,8.516890526
2015/12/28,8.37,8.486998558
2015/12/29,8.42,8.479908943
2015/12/30,8.41,8.43347168
2015/12/31,8.35,8.416829109
2016/1/4,8.13,8.397099495
2016/1/5,8.07,8.352675438
2016/1/6,8.31,8.325992584
2016/1/7,7.83,8.304601669
2016/1/8,7.99,8.207779884
2016/1/11,7.7,8.110996246
2016/1/12,7.76,8.032549858
2016/1/13,7.61,7.967302322
2016/1/14,7.63,7.868508816
2016/1/15,7.34,7.782059669
2016/1/18,7.27,7.704880714
2016/1/19,7.42,7.613453865
2016/1/20,7.46,7.524374008
2016/1/21,7.26,7.449223995
2016/1/22,7.33,7.385996819
2016/1/25,7.43,7.366955757
2016/1/26,7.08,7.400881767
2016/1/27,7.28,7.382167339
2016/1/28,7.44,7.360784531
2016/1/29,7.46,7.388850689
2016/2/1,7.25,7.410649776
2016/2/2,7.32,7.349393368
2016/2/3,7.22,7.345345497
2016/2/4,7.26,7.328805447
2016/2/5,7.23,7.331999302
2016/2/15,7.18,7.295610905
2016/2/16,7.35,7.277423859
2016/2/17,7.52,7.275286674
2016/2/18,7.43,7.331398487
2016/2/19,7.42,7.387924194
2016/2/22,7.53,7.424336433
2016/2/23,7.48,7.469025612
2016/2/24,7.53,7.494638443
2016/2/25,7.08,7.518080711
2016/2/26,7.26,7.524384499
2016/2/29,7.28,7.494540691
2016/3/1,7.32,7.440456867
2016/3/2,7.54,7.362627029
2016/3/3,7.58,7.2929039
2016/3/4,7.82,7.364535332
2016/3/7,7.78,7.509768963
2016/3/8,7.82,7.63956213
2016/3/9,7.8,7.712018013
2016/3/10,7.69,7.760696411
2016/3/11,7.69,7.740586281
2016/3/14,7.75,7.770283699
2016/3/15,7.79,7.738273621
2016/3/16,7.89,7.722126484
2016/3/17,7.88,7.796759129
2016/3/18,7.88,7.836648941
2016/3/21,7.85,7.887629032
2016/3/22,7.79,7.928855896
2016/3/23,7.78,7.915851116
2016/3/24,7.63,7.907075405
2016/3/25,7.63,7.839479923
2016/3/28,7.59,7.782003403
2016/3/29,7.48,7.755819321
2016/3/30,7.67,7.71393919
2016/3/31,7.61,7.681801796
2016/4/1,7.66,7.678303719
2016/4/5,7.66,7.672132969
2016/4/6,7.7,7.658887863
2016/4/7,7.61,7.69416666
2016/4/8,7.52,7.720502853
2016/4/11,7.64,7.69314146
2016/4/12,7.65,7.684539795
2016/4/13,7.79,7.663646698
2016/4/14,7.77,7.70298481
2016/4/15,7.75,7.734601974
2016/4/18,7.59,7.764713287
2016/4/19,7.65,7.767872334
2016/4/20,7.59,7.73820734
2016/4/21,7.57,7.742136955
2016/4/22,7.58,7.706115723
2016/4/25,7.56,7.648206711
2016/4/26,7.54,7.622424126
2016/4/27,7.53,7.577478886
2016/4/28,7.53,7.591306686
2016/4/29,7.42,7.590010166
2016/5/3,7.51,7.578817368
2016/5/4,7.46,7.567404747
2016/5/5,7.46,7.547749996
2016/5/6,7.34,7.518265247
2016/5/9,7.2,7.486886978
2016/5/10,7.19,7.475572586
2016/5/11,7.22,7.429643631
2016/5/12,7.2,7.366638184
2016/5/13,7.19,7.288397789
2016/5/16,7.2,7.241516113
2016/5/17,7.24,7.243159294
2016/5/18,7.2,7.24517107
2016/5/19,7.18,7.240047455
2016/5/20,7.21,7.241271973
2016/5/23,7.2,7.239721298
2016/5/24,7.22,7.237738609
2016/5/25,7.19,7.221353531
2016/5/26,7.22,7.237573147
2016/5/27,7.2,7.248553276
2016/5/30,7.23,7.249522686
2016/5/31,7.37,7.246621132
2016/6/1,7.32,7.269760132
2016/6/2,7.33,7.295758247
2016/6/3,7.36,7.324038029
2016/6/6,7.34,7.349455833
2016/6/7,7.33,7.364967346
2016/6/13,7.19,7.380339146
2016/6/14,7.19,7.37437582
2016/6/15,7.22,7.34939909
2016/6/16,7.17,7.325352669
2016/6/17,7.2,7.286575794
2016/6/20,7.21,7.241194725
2016/6/21,7.19,7.236746788
2016/6/22,7.22,7.234628201
2016/6/23,7.18,7.235072136
2016/6/24,7.12,7.242060661
2016/6/27,7.14,7.245186806
2016/6/28,7.19,7.232536316
2016/6/29,7.22,7.219906807
2016/6/30,7.23,7.204863071
2016/7/1,7.22,7.196775913
2016/7/4,7.29,7.227078915
2016/7/5,7.3,7.257627964
2016/7/6,7.27,7.285883427
2016/7/7,7.29,7.300097942
2016/7/8,7.25,7.307028294
2016/7/11,7.28,7.310413837
2016/7/12,7.37,7.314819336
2016/7/13,7.41,7.325056076
2016/7/14,7.37,7.357707977
2016/7/15,7.38,7.380308151
2016/7/18,7.38,7.392195702
2016/7/19,7.35,7.400649071
2016/7/20,7.32,7.417130947
2016/7/21,7.34,7.413840294
2016/7/22,7.29,7.405251026
2016/7/25,7.28,7.391350269
2016/7/26,7.33,7.375074387
2016/7/27,7.23,7.365503311
2016/7/28,7.22,7.355933189
2016/7/29,7.22,7.334865093
2016/8/1,7.22,7.31890583
2016/8/2,7.24,7.296808243
2016/8/3,7.22,7.258831501
2016/8/4,7.24,7.257068634
2016/8/5,7.24,7.262173653
2016/8/8,7.26,7.263346195
2016/8/9,7.28,7.273222923
2016/8/10,7.27,7.281930447
2016/8/11,7.3,7.292261124
2016/8/12,7.34,7.30632782
2016/8/15,7.45,7.325222969
2016/8/16,7.42,7.365696907
2016/8/17,7.42,7.40657711
2016/8/18,7.39,7.427090645
2016/8/19,7.41,7.440505028
2016/8/22,7.42,7.449680328
2016/8/23,7.42,7.466994286
2016/8/24,7.43,7.470057487
2016/8/25,7.41,7.463938236
2016/8/26,7.4,7.462555408
2016/8/29,7.42,7.462783813
2016/8/30,7.49,7.461787224
2016/8/31,7.54,7.475687981
2016/9/1,7.49,7.491704464
2016/9/2,7.47,7.51796627
2016/9/5,7.5,7.525011539
2016/9/6,7.49,7.522222996
2016/9/7,7.49,7.532692909
2016/9/8,7.46,7.532024384
2016/9/9,7.42,7.529247761
2016/9/12,7.31,7.525522709
2016/9/13,7.29,7.511281013
2016/9/14,7.28,7.478477001
2016/9/19,7.28,7.434103489
2016/9/20,7.27,7.379393101
2016/9/22,7.26,7.327229977
2016/9/23,7.27,7.325620174
2016/9/26,7.19,7.319573879
2016/9/27,7.21,7.312592506
2016/9/28,7.19,7.302435875
2016/9/29,7.23,7.283010483
2016/9/30,7.22,7.270160675
2016/10/10,7.29,7.250025749
2016/10/11,7.31,7.274349213
2016/10/12,7.3,7.302002907
2016/10/13,7.28,7.320087433
2016/10/14,7.3,7.330750465
2016/10/17,7.26,7.340538979
2016/10/18,7.33,7.341943741
2016/10/19,7.33,7.342957497
2016/10/20,7.34,7.347253799
2016/10/21,7.36,7.357256889
2016/10/24,7.43,7.370154381
2016/10/25,7.39,7.401784897
2016/10/26,7.38,7.426111221
2016/10/27,7.37,7.426786423
2016/10/28,7.38,7.424299717
2016/10/31,7.34,7.416162968
2016/11/1,7.33,7.424575329
2016/11/2,7.28,7.416458607
2016/11/3,7.29,7.40141058
2016/11/4,7.26,7.378371716
2016/11/7,7.29,7.35213089
2016/11/8,7.32,7.341665745
2016/11/9,7.28,7.332544327
2016/11/10,7.34,7.33769083
2016/11/11,7.4,7.349761963
2016/11/14,7.44,7.375435829
2016/11/15,7.42,7.408147335
2016/11/16,7.43,7.426877499
2016/11/17,7.42,7.44295311
2016/11/18,7.4,7.451323986
2016/11/21,7.48,7.454638958
2016/11/22,7.67,7.470377445
2016/11/23,7.59,7.546129227
2016/11/24,7.55,7.6043396
2016/11/25,7.6,7.626937866
2016/11/28,7.67,7.616397858
2016/11/29,7.77,7.610115051
2016/11/30,7.62,7.686911583
2016/12/1,7.76,7.718071938
2016/12/2,7.86,7.770717621
2016/12/5,7.64,7.875648499
2016/12/6,7.6,7.861714363
2016/12/7,7.62,7.809995174
2016/12/8,7.58,7.733763695
2016/12/9,7.65,7.664234161
2016/12/12,7.57,7.652329445
2016/12/13,7.71,7.674455643
2016/12/14,7.75,7.689727783
2016/12/15,7.6,7.739278793
2016/12/16,7.61,7.739151955
2016/12/19,7.7,7.70409584
2016/12/20,7.63,7.696976185
2016/12/21,7.93,7.682873726
2016/12/22,8.16,7.761770725
2016/12/23,8.12,7.943779469
2016/12/26,8.1,8.031615257
2016/12/27,8.02,8.044869423
2016/12/28,8.03,7.9968853
2016/12/29,7.95,8.034603119
2016/12/30,7.95,8.070879936
2017/1/3,7.97,8.029960632
2017/1/4,8,8.017429352
2017/1/5,8.16,8.003633499
2017/1/6,8.36,8.04218483
2017/1/9,8.37,8.149869919
2017/1/10,8.4,8.230651855
2017/1/11,8.31,8.269804955
2017/1/12,8.32,8.281353951
2017/1/13,8.39,8.294322014
2017/1/16,8.52,8.327692986
2017/1/17,8.54,8.37945652
2017/1/18,8.57,8.427329063
2017/1/19,8.5,8.44525528
2017/1/20,8.45,8.451172829
2017/1/23,8.52,8.427832603
2017/1/24,8.76,8.457588196
2017/1/25,8.74,8.508263588
2017/1/26,8.65,8.530889511
2017/2/3,8.58,8.586166382
2017/2/6,8.55,8.592417717
2017/2/7,8.51,8.600319862
2017/2/8,8.41,8.586045265
2017/2/9,8.43,8.54352951
2017/2/10,8.44,8.54629612
2017/2/13,8.41,8.510415077
2017/2/14,8.39,8.487338066
2017/2/15,8.42,8.404179573
2017/2/16,8.32,8.375405312
2017/2/17,8.28,8.397427559
2017/2/20,8.35,8.384392738
2017/2/21,8.35,8.375163078
2017/2/22,8.4,8.335660934
2017/2/23,8.29,8.317688942
2017/2/24,8.26,8.338482857
2017/2/27,8.21,8.348153114
2017/2/28,8.23,8.327879906
2017/3/1,8.25,8.278162956
2017/3/2,8.18,8.238294601
2017/3/3,8.04,8.213104248
2017/3/6,8.06,8.224176407
2017/3/7,8.09,8.199101448
2017/3/8,8.09,8.158238411
2017/3/9,7.96,8.121979713
2017/3/10,7.93,8.086438179
2017/3/13,7.97,8.076776505
2017/3/14,7.99,8.049959183
2017/3/15,7.99,8.011950493
2017/3/16,8.04,7.983034134
2017/3/17,7.94,8.005793571
2017/3/20,8.02,8.014708519
2017/3/21,8.03,8.031765938
2017/3/22,7.98,8.037940979
2017/3/23,7.92,8.037384987
2017/3/24,7.96,8.013790131
2017/3/27,7.92,8.002767563
2017/3/28,7.85,8.006399155
2017/3/29,7.85,7.987018585
2017/3/30,7.86,7.953382492
2017/3/31,7.87,7.939401627
2017/4/5,7.97,7.913267136
2017/4/6,7.98,7.909665108
2017/4/7,8.05,7.933068275
2017/4/10,8.05,7.971970558
2017/4/11,8.02,8.024111748
2017/4/12,8.1,8.040774345
2017/4/13,8.06,8.058964729
2017/4/14,8.02,8.051826477
2017/4/17,8.05,8.065826416
2017/4/18,7.96,8.054588318
2017/4/19,7.8,8.052183151
2017/4/20,7.69,8.030132294
2017/4/21,7.79,7.976200581
2017/4/24,7.77,7.915211201
2017/4/25,7.74,7.85625124
2017/4/26,7.73,7.784516335
2017/4/27,7.8,7.761910439
2017/4/28,7.8,7.783463478
2017/5/2,7.69,7.790576935
2017/5/3,7.6,7.79609108
2017/5/4,7.58,7.780669212
2017/5/5,7.55,7.758244038
2017/5/8,7.48,7.722197056
2017/5/9,7.49,7.661030769
2017/5/10,7.44,7.59174633
2017/5/11,7.62,7.541387081
2017/5/12,7.6,7.528441429
2017/5/15,7.7,7.563487053
2017/5/16,7.69,7.608218193
2017/5/17,7.59,7.635811806
2017/5/18,7.62,7.650212288
2017/5/19,7.6,7.678415775
2017/5/22,7.69,7.674427986
2017/5/23,7.79,7.683250427
2017/5/24,7.75,7.689775467
2017/5/25,7.87,7.727513313
2017/5/26,7.8,7.771235466
2017/5/31,7.82,7.801709652
2017/6/1,7.85,7.81625843
2017/6/2,7.77,7.842690468
2017/6/5,7.74,7.848843575
2017/6/6,7.72,7.842571259
2017/6/7,7.75,7.81964016
2017/6/8,7.73,7.795557022
2017/6/9,7.73,7.778478622
2017/6/12,7.64,7.767100334
2017/6/13,7.65,7.773237228
2017/6/14,7.66,7.748613358
2017/6/15,7.65,7.724698067
2017/6/16,7.65,7.707785606
2017/6/19,7.65,7.687077522
2017/6/20,7.7,7.687306404
2017/6/21,7.72,7.694845676
2017/6/23,7.74,7.701885223
2017/6/26,7.73,7.719380379
2017/6/27,7.7,7.741271019
2017/6/28,7.69,7.750397205
2017/6/29,7.69,7.752552986
2017/6/30,7.69,7.745940685
2017/7/3,7.74,7.745286942
2017/7/4,7.83,7.735770702
2017/7/5,7.81,7.762016296
2017/7/6,7.83,7.785288811
2017/7/7,7.8,7.816721916
2017/7/10,7.84,7.832234383
2017/7/11,7.84,7.843057632
2017/7/12,7.79,7.868304253
2017/7/13,7.89,7.865751743
2017/7/14,7.89,7.878239155
2017/7/17,8.13,7.884819984
2017/7/18,8.06,7.964989185
2017/7/19,8.11,8.021230698
2017/7/20,8.11,8.062555313
2017/7/21,8.03,8.073831558
2017/7/24,8.01,8.032269478
2017/7/25,8.07,8.061985016
2017/7/26,8.19,8.074841499
2017/7/27,8.15,8.114009857
2017/7/28,8.1,8.148775101
2017/7/31,8.13,8.155197144
2017/8/1,8.23,8.144012451
2017/8/2,8.14,8.15232563
2017/8/3,8.11,8.157517433
2017/8/4,8.18,8.155075073
2017/8/7,8.19,8.172168732
2017/8/8,8.18,8.1702528
2017/8/9,8.12,8.16186142
2017/8/10,8.09,8.156401634
2017/8/11,7.97,8.152705193
2017/8/14,7.95,8.154884338
2017/8/15,7.93,8.115586281
2017/8/16,7.9,8.060965538
2017/8/17,7.93,7.996619225
2017/8/18,7.95,7.951680183
2017/8/21,8.02,7.962533951
2017/8/22,8.01,7.973856926
2017/8/23,7.99,7.979696751
2017/8/24,7.96,7.991456032
2017/8/25,8.07,8.000593185
2017/8/28,8.2,8.036800385
2017/8/29,8.12,8.090406418
2017/8/30,8.13,8.119732857
2017/8/31,8.11,8.126185417
2017/9/1,8.09,8.118400574
2017/9/4,8.1,8.126343727
2017/9/5,8.08,8.133293152
2017/9/6,8.14,8.1264534
2017/9/7,8.09,8.126580238
2017/9/8,8.08,8.122052193
2017/9/11,8.08,8.116744995
2017/9/12,8.03,8.110224724
2017/9/13,8.03,8.100187302
2017/9/14,8.03,8.085169792
2017/9/18,8,8.07367897
2017/9/19,7.97,8.056586266
2017/9/20,7.94,8.035992622
2017/9/21,7.97,8.025789261
2017/9/22,7.95,8.008021355
2017/9/25,8.06,7.989634514
2017/9/26,8.09,8.005078316
2017/9/27,8.05,8.031603813
2017/9/28,8,8.051724434
2017/9/29,7.99,8.043465614
2017/10/9,7.98,8.03369236
2017/10/10,8,8.047140121
2017/10/11,8,8.031947136
2017/10/12,7.97,8.01458168
2017/10/13,7.98,8.012899399
2017/10/16,8.05,8.004084587
2017/10/17,8.05,8.022497177
2017/10/18,8.25,8.035855293
2017/10/19,8.27,8.103629112
2017/10/20,8.15,8.164618492
2017/10/23,8.15,8.176032066
2017/10/24,8.17,8.174590111
2017/10/25,8.13,8.150172234
2017/10/26,8.17,8.170681953
2017/10/27,8.13,8.163931847
2017/10/30,8.3,8.16280365
2017/10/31,8.27,8.212693214
2017/11/1,8.39,8.243062019
2017/11/2,8.39,8.287750244
2017/11/3,8.32,8.301243782
2017/11/6,8.38,8.311285973
2017/11/7,8.59,8.364443779
2017/11/8,8.5,8.435052872
2017/11/9,8.52,8.491469383
2017/11/10,8.39,8.461470604
2017/11/13,8.4,8.450440407
2017/11/14,8.36,8.420420647
2017/11/15,8.15,8.408434868
2017/11/16,8.08,8.386483192
2017/11/17,8.12,8.307724953
2017/11/20,8.18,8.263913155
2017/11/21,8.22,8.232251167
2017/11/22,8.4,8.185128212
2017/11/23,8.29,8.22040081
2017/11/24,8.4,8.265143394
2017/11/27,8.34,8.30397892
2017/11/28,8.21,8.327734947
2017/11/29,8.24,8.323925018
2017/11/30,8.17,8.301308632
2017/12/1,8.16,8.275398254
2017/12/4,8.17,8.241509438
2017/12/5,8.22,8.202554703
2017/12/6,8.09,8.20730114
2017/12/7,8.05,8.199918747
2017/12/8,8.06,8.177833557
2017/12/11,8.09,8.145330429
2017/12/12,8.02,8.108990669
2017/12/13,8.02,8.086395264
2017/12/14,7.94,8.073503494
2017/12/15,7.87,8.062508583
2017/12/18,7.88,8.044015884
2017/12/19,7.89,7.998774529
2017/12/20,7.94,7.961474419
2017/12/21,7.98,7.928884506
2017/12/22,8.09,7.933743954
2017/12/25,8.04,7.972646236
2017/12/26,8.07,8.007656097
2017/12/27,8.09,8.02865696
2017/12/28,8.06,8.059859276
2017/12/29,8.09,8.078647614
2018/1/2,8.25,8.095834732
2018/1/3,8.27,8.132261276
2018/1/4,8.55,8.173604012
2018/1/5,8.59,8.328525543
2018/1/8,8.53,8.445772171
2018/1/9,8.51,8.470957756
2018/1/10,8.75,8.468550682
2018/1/11,8.76,8.511918068
2018/1/12,8.75,8.605171204
2018/1/15,8.81,8.642146111
2018/1/16,8.71,8.68851757
2018/1/17,8.82,8.701905251
2018/1/18,8.73,8.790780067
2018/1/19,9,8.78186512
2018/1/22,8.95,8.804467201
2018/1/23,9.19,8.819519997
2018/1/24,9.33,8.89600563
2018/1/25,9.25,9.034934998
2018/1/26,9.31,9.098676682
2018/1/29,9.3,9.097747803
2018/1/30,9.11,9.104374886
2018/1/31,9.01,9.11301136
2018/2/1,9,9.08163166
2018/2/2,9.3,9.050771713
2018/2/5,9.35,9.057372093
2018/2/6,8.82,9.075861931
2018/2/7,8.57,9.048462868
2018/2/8,8.36,8.987463951
2018/2/9,7.95,8.850039482
2018/2/12,7.98,8.685045242
2018/2/13,8,8.427894592
2018/2/14,8.02,8.222636223
2018/2/22,8.16,8.075600624
2018/2/23,8.19,7.989659786
2018/2/26,8.26,8.072577477
2018/2/27,8.13,8.13139534
2018/2/28,8,8.17259407
2018/3/1,8.02,8.186244965
2018/3/2,7.96,8.15482235
2018/3/5,8.01,8.101475716
2018/3/6,8.11,8.047413826
2018/3/7,8.02,8.016247749
2018/3/8,8.03,8.037626266
2018/3/9,8.03,8.044596672
2018/3/12,8.05,8.052843094
2018/3/13,7.99,8.071223259
2018/3/14,7.99,8.067032814
2018/3/15,7.95,8.064421654
2018/3/16,7.91,8.045110703
2018/3/19,7.97,8.014993668
2018/3/20,8.07,8.001415253
2018/3/21,8.03,8.021254539
2018/3/22,8.05,8.058144569
2018/3/23,7.83,8.077234268
2018/3/26,7.75,8.066390038
2018/3/27,7.79,8.004506111
2018/3/28,7.6,7.959243298
2018/3/29,7.7,7.8834095
2018/3/30,7.64,7.766312599
2018/4/2,7.65,7.740731239
2018/4/3,7.49,7.727136612
2018/4/4,7.46,7.682243347
2018/4/9,7.48,7.670401096
2018/4/10,7.59,7.632973194
2018/4/11,7.69,7.589571476
2018/4/12,7.73,7.566637993
2018/4/13,7.62,7.625843048
2018/4/16,7.55,7.662744999
2018/4/17,7.52,7.686220646
2018/4/18,7.64,7.680875778
2018/4/19,7.75,7.661741734
2018/4/20,7.64,7.669756889
2018/4/23,7.58,7.673496723
2018/4/24,7.71,7.682064533
2018/4/25,7.64,7.701515198
2018/4/26,7.55,7.706541061
2018/4/27,7.65,7.683451653
2018/5/2,7.61,7.672310829
2018/5/3,7.7,7.671566963
2018/5/4,7.7,7.674588203
2018/5/7,7.84,7.67164278
2018/5/8,7.84,7.717520237
2018/5/9,7.9,7.764986515
2018/5/10,8,7.833088875
2018/5/11,7.98,7.915194988
2018/5/14,7.99,7.957036018
2018/5/15,8,7.988617897
2018/5/16,7.89,7.982560158
2018/5/17,7.91,7.986534595
2018/5/18,8.49,7.979494095
2018/5/21,8.52,8.095491409
2018/5/22,8.56,8.234581947
2018/5/23,8.25,8.30519104
2018/5/24,8.25,8.345095634
2018/5/25,8.13,8.297733307
2018/5/28,8.13,8.326286316
2018/5/29,8.05,8.286500931
2018/5/30,7.81,8.195506096
2018/5/31,7.98,8.142380714
2018/6/1,8,8.069718361
2018/6/4,7.96,8.020748138
2018/6/5,7.98,7.995995998
2018/6/6,7.98,7.954926014
2018/6/7,7.93,7.980762005
2018/6/8,7.91,7.989281178
2018/6/11,7.77,7.991345406
2018/6/12,7.83,7.962667465
2018/6/13,7.78,7.925486565
2018/6/14,7.74,7.89806509
2018/6/15,7.75,7.848408699
2018/6/19,7.41,7.810376167
2018/6/20,7.42,7.790953636
2018/6/22,7.3,7.727336884
2018/6/25,7.31,7.628031731
2018/6/26,7.33,7.522111416
2018/6/27,7.51,7.390134811
2018/6/28,7.71,7.399106503
2018/6/29,7.71,7.456329823
2018/7/2,7.51,7.54631424
2018/7/3,7.53,7.596368313
2018/7/4,7.49,7.627087593
2018/7/5,7.43,7.625626564
2018/7/6,7.45,7.577800274
2018/7/9,7.61,7.52693224
2018/7/10,7.76,7.519523621
2018/7/11,7.59,7.553265095
2018/7/12,7.64,7.5732131
2018/7/13,7.6,7.606910229
2018/7/16,7.49,7.642776489
2018/7/17,7.3,7.635400772
2018/7/18,7.28,7.601085663
2018/7/19,7.24,7.549300194
2018/7/20,7.36,7.492090225
2018/7/23,7.46,7.404307365
2018/7/24,7.57,7.343182564
2018/7/25,7.58,7.390655518
2018/7/26,7.58,7.448863029
2018/7/27,7.58,7.512678146
2018/7/30,7.59,7.565308571
2018/7/31,7.73,7.602595806
2018/8/1,7.58,7.651600361
2018/8/2,7.55,7.668994904
2018/8/3,7.61,7.666148186
2018/8/6,7.6,7.663527489
2018/8/7,7.94,7.659163475
2018/8/8,8.06,7.688257217
2018/8/9,8.06,7.784687519
2018/8/10,8.03,7.873889446
2018/8/13,7.99,7.931589127
2018/8/14,8.11,7.97180891
2018/8/15,8.08,8.002620697
2018/8/16,7.94,8.040665627
2018/8/17,7.99,8.046761513
2018/8/20,8.18,8.037631989
2018/8/21,8.17,8.060372353
2018/8/22,8,8.080835342
2018/8/23,8.06,8.084708214
2018/8/24,8.13,8.094302177
2018/8/27,8.26,8.10236454
2018/8/28,8.17,8.115298271
2018/8/29,8.17,8.119093895
2018/8/30,8.15,8.148948669
2018/8/31,8.04,8.171242714
2018/9/3,8.07,8.17557621
2018/9/4,8.24,8.14427948
2018/9/5,8.2,8.136986732
2018/9/6,8.25,8.138614655
2018/9/7,8.2,8.146489143
2018/9/10,8.18,8.183451653
2018/9/11,8.24,8.198818207
2018/9/12,8.27,8.210073471
2018/9/13,8.53,8.226366043
2018/9/14,8.66,8.284296989
2018/9/17,8.67,8.372138977
2018/9/18,8.61,8.442069054
2018/9/19,8.93,8.480734825
2018/9/20,8.96,8.566248894
2018/9/25,8.89,8.653214455
2018/9/26,9.05,8.741863251
2018/9/27,9.11,8.795891762
2018/9/28,9.17,8.865996361
2018/10/8,8.83,8.933190346
2018/10/9,9.22,8.956299782
2018/10/10,9.33,9.002241135
2018/10/11,8.83,9.038386345
2018/10/12,8.91,9.008343697
2018/10/15,8.83,8.909264565
2018/10/16,8.92,8.878878593
2018/10/17,9.09,8.847998619
2018/10/18,8.37,8.787385941
2018/10/19,8.52,8.815447807
2018/10/22,8.7,8.738575935
2018/10/23,8.52,8.70225811
2018/10/24,8.3,8.610417366
2018/10/25,8.27,8.437894821
2018/10/26,8.24,8.3885746
2018/10/29,8.23,8.364843369
2018/10/30,8.26,8.32521534
2018/10/31,8.31,8.243431091
2018/11/1,8.2,8.271092415
2018/11/2,8.31,8.289568901
2018/11/5,8.29,8.297539711
2018/11/6,8.35,8.286452293
2018/11/7,8.19,8.290710449
2018/11/8,8.23,8.272025108
2018/11/9,8.09,8.251476288
2018/11/12,8.12,8.241448402
2018/11/13,8.06,8.203157425
2018/11/14,7.84,8.170170784
2018/11/15,7.87,8.130750656
2018/11/16,7.86,8.06166935
2018/11/19,7.91,7.998012066
2018/11/20,7.83,7.933207512
2018/11/21,7.71,7.894602776
2018/11/22,7.73,7.886410236
2018/11/23,7.64,7.852585793
2018/11/26,7.6,7.814517021
2018/11/27,7.56,7.762453556
2018/11/28,7.61,7.702783585
2018/11/29,7.56,7.684210777
2018/11/30,7.61,7.644327641
2018/12/3,7.73,7.626808643
2018/12/4,7.73,7.680664539
2018/12/5,7.67,7.718164921
2018/12/6,7.6,7.728488445
2018/12/7,7.57,7.724591732
2018/12/10,7.62,7.692127228
2018/12/11,7.58,7.68695116
2018/12/12,7.64,7.660894394
2018/12/13,7.71,7.642227173
2018/12/14,7.69,7.659801483
2018/12/17,7.72,7.70009613
2018/12/18,7.63,7.728643894
2018/12/19,7.47,7.738814354
2018/12/20,7.43,7.715484619
2018/12/21,7.4,7.661699295
2018/12/24,7.42,7.612786293
2018/12/25,7.27,7.542162418
2018/12/26,7.25,7.467383862
2018/12/27,7.22,7.419421673
2018/12/28,7.21,7.400081635
2019/1/2,7.16,7.366937637
2019/1/3,7.21,7.304367065
2019/1/4,7.29,7.281224251
2019/1/7,7.32,7.230138779
2019/1/8,7.33,7.261559486
2019/1/9,7.33,7.288304329
2019/1/10,7.35,7.33466053
2019/1/11,7.38,7.369167328
2019/1/14,7.31,7.392657757
2019/1/15,7.34,7.402524948
2019/1/16,7.34,7.397680283
2019/1/17,7.31,7.401784897
2019/1/18,7.35,7.399598122
2019/1/21,7.39,7.395558357
2019/1/22,7.32,7.408297062
2019/1/23,7.26,7.4179039
2019/1/24,7.28,7.405248165
2019/1/25,7.28,7.379101753
2019/1/28,7.27,7.369789124
2019/1/29,7.27,7.346466064
2019/1/30,7.25,7.335584641
2019/1/31,7.32,7.32866621
2019/2/1,7.35,7.330031872
2019/2/11,7.36,7.340373993
2019/2/12,7.41,7.356760979
2019/2/13,7.53,7.387399673
2019/2/14,7.51,7.440851688
2019/2/15,7.45,7.486773491
2019/2/18,7.57,7.510950089
2019/2/19,7.59,7.544778824
2019/2/20,7.58,7.575768948
2019/2/21,7.52,7.622609138
2019/2/22,7.57,7.631807804
2019/2/25,7.85,7.623534203
2019/2/26,7.8,7.743127823
2019/2/27,7.83,7.851481438
2019/2/28,7.83,7.876660347
2019/3/1,7.88,7.85256958
2019/3/4,7.91,7.807048798
2019/3/5,7.87,7.947509766
2019/3/6,7.98,8.006410599
2019/3/7,7.94,8.085995674
2019/3/8,7.66,8.073615074
2019/3/11,7.71,7.988919258
2019/3/12,7.75,7.930342197
2019/3/13,7.69,7.870046139
2019/3/14,7.67,7.835645676
2019/3/15,7.7,7.778909683
2019/3/18,7.81,7.776350498
2019/3/19,7.8,7.786851883
2019/3/20,7.77,7.833857536
2019/3/21,7.82,7.846837997
2019/3/22,7.77,7.883489609
2019/3/25,7.6,7.873959541
2019/3/26,7.54,7.875208855
2019/3/27,7.55,7.815498352
2019/3/28,7.49,7.729329586
2019/3/29,7.6,7.665258408
2019/4/1,7.69,7.605594158
2019/4/2,7.66,7.73379612
2019/4/3,7.73,7.784403801
2019/4/4,7.73,7.791840553
2019/4/8,7.77,7.801315308
2019/4/9,7.73,7.813977242
2019/4/10,7.69,7.88070488
2019/4/11,7.62,7.822587013
2019/4/12,7.64,7.754552841
2019/4/15,7.61,7.711905479
2019/4/16,7.73,7.739998341
2019/4/17,7.68,7.746444702
2019/4/18,7.67,7.763020515
2019/4/19,7.66,7.763122082
2019/4/22,7.73,7.741018295
2019/4/23,7.7,7.819510937
2019/4/24,7.65,7.864888191
2019/4/25,7.51,7.835011005
2019/4/26,7.42,7.751183033
2019/4/29,7.4,7.64989996
2019/4/30,7.41,7.641596317
2019/5/6,7.34,7.575519085
2019/5/7,7.29,7.549348831
2019/5/8,7.24,7.499136925
2019/5/9,7.21,7.445827484
2019/5/10,7.28,7.371319771
2019/5/13,7.24,7.272068977
2019/5/14,7.22,7.346497536
2019/5/15,7.27,7.333368301
2019/5/16,7.28,7.334162712
2019/5/17,7.2,7.339397907
2019/5/20,7.23,7.333701611
2019/5/21,7.23,7.346155643
2019/5/22,7.19,7.288576126
2019/5/23,7.2,7.251511574
2019/5/24,7.16,7.290717125
2019/5/27,7.18,7.282247066
2019/5/28,7.18,7.26783371
2019/5/29,7.15,7.239078999
2019/5/30,7.19,7.188660145
2019/5/31,7.15,7.243875504
2019/6/3,7.13,7.240324497
2019/6/4,7.1,7.219756126
2019/6/5,7.1,7.218140602
2019/6/6,7.03,7.187587738
2019/6/10,7.05,7.184255123
2019/6/11,7.11,7.154895306
2019/6/12,7.06,7.163609028
2019/6/13,7.06,7.156907558
2019/6/14,7,7.142641544
2019/6/17,7.01,7.131511688
2019/6/18,6.93,7.085089684
2019/6/19,6.94,7.096926212
2019/6/20,6.98,7.081827164
2019/6/21,7.03,7.109003067
2019/6/24,7.01,7.124251366
2019/6/25,6.96,7.067122459
2019/6/26,6.99,7.040908813
2019/6/27,6.99,7.01469326
2019/7/1,6.93,7.043291092
2019/7/2,6.91,7.070482731
2019/7/3,6.88,7.037808418
2019/7/4,6.9,7.005289078
2019/7/5,6.86,6.956244469
2019/7/8,6.75,6.934643269
2019/7/9,6.71,6.961969376
2019/7/10,6.66,6.921990871
2019/7/11,6.67,6.863044739
2019/7/12,6.67,6.765542507
2019/7/15,6.64,6.704015732
2019/7/16,6.62,6.697151184
2019/7/17,6.6,6.67086935
2019/7/18,6.53,6.655571938
2019/7/19,6.55,6.641746521
2019/7/22,6.45,6.604699612
2019/7/23,6.45,6.602665901
2019/7/24,6.48,6.559906006
2019/7/25,6.47,6.506332874
2019/7/26,6.54,6.482773781
2019/7/29,6.54,6.460354805
2019/7/30,6.54,6.491064072
2019/7/31,6.51,6.502033234
2019/8/1,6.46,6.508032799
2019/8/2,6.33,6.479699135
2019/8/5,6.25,6.510410309
2019/8/6,6.16,6.480018616
2019/8/7,6.2,6.413658142
2019/8/8,6.17,6.318089485
2019/8/9,6.17,6.20599699
2019/8/12,6.19,6.162721157
2019/8/13,6.14,6.109470844
2019/8/14,6.14,6.111231804
2019/8/15,6.1,6.121730804
2019/8/16,6.1,6.113513947
2019/8/19,6.18,6.107028008
2019/8/20,6.19,6.088018417
2019/8/21,6.17,6.078381538
2019/8/22,6.15,6.071248055
2019/8/23,6.12,6.097419739
2019/8/26,6.07,6.10002327
2019/8/27,6.1,6.111628532
2019/8/28,6.09,6.104969025
2019/8/29,6.09,6.079843521
2019/8/30,6.12,6.052223682
2019/9/2,6.16,6.037838936
2019/9/3,6.15,6.050961018
2019/9/4,6.19,6.081562996
2019/9/5,6.23,6.094351768
2019/9/6,6.26,6.108967781
2019/9/9,6.33,6.149656296
2019/9/10,6.35,6.198617935
2019/9/11,6.32,6.213114738
2019/9/12,6.28,6.237952709
2019/9/16,6.5,6.273157597
2019/9/17,6.42,6.393258572
2019/9/18,6.33,6.493179321
2019/9/19,6.35,6.519906044
2019/9/20,6.38,6.452644348
2019/9/23,6.36,6.328507423
2019/9/25,6.15,6.313577652
2019/9/26,6.1,6.282111168
2019/9/27,6.11,6.275044441
2019/9/30,6.19,6.233411789
2019/10/8,6.11,6.17896843
2019/10/9,6.1,6.11143589
2019/10/10,6.09,6.107804298
2019/10/11,6.17,6.095337868
2019/10/14,6.16,6.076242447
2019/10/15,6.11,6.062941551
2019/10/16,6.09,6.077888012
2019/10/17,6.11,6.081143379
2019/10/18,6.06,6.061098099
2019/10/21,6.06,6.05959177
2019/10/22,6.07,6.05655241
2019/10/23,6.05,6.050199509
2019/10/24,6.06,6.037827015
2019/10/25,6.06,6.010426521
2019/10/28,6.07,6.017024517
2019/10/29,6.03,6.029059887
2019/10/30,5.98,6.028815746
2019/10/31,5.88,6.010241985
2019/11/1,5.89,5.985406399
2019/11/4,5.89,5.95648098
2019/11/5,5.9,5.926145077
2019/11/6,5.85,5.853052139
2019/11/7,5.82,5.791093349
2019/11/8,5.79,5.807061195
2019/11/11,5.67,5.804190636
2019/11/12,5.63,5.781914711
2019/11/13,5.57,5.743881702
2019/11/14,5.6,5.671380043
2019/11/15,5.5,5.610630512
2019/11/18,5.52,5.539849758
2019/11/19,5.54,5.506919861
2019/11/20,5.52,5.474125862
2019/11/21,5.61,5.459126472
2019/11/22,5.61,5.4284935
2019/11/25,5.71,5.454602242
2019/11/26,5.66,5.481986046
2019/11/27,5.66,5.512103558
2019/11/28,5.62,5.515837669
2019/11/29,5.59,5.556248665
2019/12/2,5.56,5.553702831
2019/12/3,5.58,5.56103754
2019/12/4,5.58,5.559123993
2019/12/5,5.63,5.529639244
2019/12/6,5.64,5.518616199
2019/12/9,5.65,5.52218008
2019/12/10,5.65,5.538077354
2019/12/11,5.65,5.55632019
2019/12/12,5.63,5.566869736
2019/12/13,5.69,5.578440666
2019/12/16,5.77,5.575686455
2019/12/17,5.85,5.590567112
2019/12/18,5.82,5.63132906
2019/12/19,5.82,5.658498764
2019/12/20,5.8,5.666591644
2019/12/23,5.71,5.702091217
2019/12/24,5.73,5.707313538
2019/12/25,5.72,5.7336092
2019/12/26,5.73,5.721136093
2019/12/27,5.78,5.685465813
2019/12/30,5.82,5.660186291
2019/12/31,5.83,5.685977936
2020/1/2,5.87,5.703481674
2020/1/3,5.95,5.71889019
2020/1/6,6.23,5.747328758
2020/1/7,6.11,5.900639057
2020/1/8,6.23,6.029817581
2020/1/9,6.06,6.140005589
2020/1/10,5.99,6.164995193
2020/1/13,5.97,6.096138954
2020/1/14,5.95,6.056367397
2020/1/15,5.87,5.956735611
2020/1/16,5.83,5.878808498
2020/1/17,5.84,5.871531487
2020/1/20,5.85,5.859421253
2020/1/21,5.79,5.827833652
2020/1/22,5.74,5.77372551
2020/1/23,5.64,5.763298988
2020/2/3,5.13,5.755980492
2020/2/4,5.17,5.697712898
2020/2/5,5.21,5.590171337
2020/2/6,5.27,5.430109501
2020/2/7,5.28,5.240358353
2020/2/10,5.28,5.042160511
2020/2/11,5.3,5.089972496
2020/2/12,5.31,5.128735542
2020/2/13,5.28,5.165632248
2020/2/14,5.28,5.193247318
2020/2/17,5.38,5.205068588
2020/2/18,5.35,5.211099625
2020/2/19,5.33,5.232509613
2020/2/20,5.38,5.24121666
2020/2/21,5.37,5.254517555
2020/2/24,5.28,5.258594513
2020/2/25,5.19,5.277868748
2020/2/26,5.22,5.271944523
2020/2/27,5.17,5.2415905
2020/2/28,5.07,5.199723721
2020/3/2,5.17,5.145162106
2020/3/3,5.19,5.103345871
2020/3/4,5.18,5.087188721
2020/3/5,5.25,5.07008934
2020/3/6,5.2,5.04059124
2020/3/9,5.15,5.084361076
2020/3/10,5.15,5.123652458
2020/3/11,5.12,5.140030384
2020/3/12,5.07,5.098806381
2020/3/13,5.04,5.065077782
2020/3/16,5.03,4.986171722
2020/3/17,5.01,4.996258259
2020/3/18,4.95,4.997668266
2020/3/19,4.88,4.952287674
2020/3/20,4.91,4.906461716
2020/3/23,4.81,4.90426445
2020/3/24,4.84,4.878034592
2020/3/25,4.86,4.842685699
2020/3/26,4.79,4.794741154
2020/3/27,4.74,4.801843166
2020/3/30,4.62,4.798656464
2020/3/31,4.62,4.795920372
2020/4/1,4.55,4.752516747
2020/4/2,4.71,4.699269295
2020/4/3,4.63,4.696400642
2020/4/7,4.67,4.740911484
2020/4/8,4.64,4.781952381
2020/4/9,4.65,4.791690826
2020/4/10,4.6,4.724683762
2020/4/13,4.58,4.655356884
2020/4/14,4.59,4.612377644
2020/4/15,4.55,4.585605621
2020/4/16,4.53,4.581307888
2020/4/17,4.55,4.549193382
2020/4/20,4.55,4.551814556
2020/4/21,4.51,4.533688068
2020/4/22,4.46,4.528151989
2020/4/23,4.55,4.517486572
2020/4/24,4.48,4.519648552
2020/4/27,4.45,4.52106905
2020/4/28,4.36,4.501718521
2020/4/29,4.38,4.473617554
2020/4/30,4.44,4.455937386
2020/5/6,4.47,4.455962181
2020/5/7,4.45,4.444953918
2020/5/8,4.47,4.416849136
2020/5/11,4.47,4.467161179
2020/5/12,4.43,4.467873573
2020/5/13,4.43,4.48507309
2020/5/14,4.4,4.506328106
2020/5/15,4.42,4.507885933
2020/5/18,4.44,4.499756813
2020/5/19,4.46,4.492977142
2020/5/20,4.43,4.497851372
2020/5/21,4.45,4.501935482
2020/5/22,4.37,4.504656792
2020/5/25,4.34,4.486479282
2020/5/26,4.35,4.467178822
2020/5/27,4.31,4.461678505
2020/5/28,4.29,4.429253101
2020/5/29,4.25,4.400527954
2020/6/1,4.29,4.40617609
2020/6/2,4.31,4.391241074
2020/6/3,4.34,4.366349697
2020/6/4,4.32,4.339528561
2020/6/5,4.3,4.323429585
2020/6/8,4.34,4.365386009
2020/6/9,4.35,4.392066002
2020/6/10,4.32,4.39738512
2020/6/11,4.28,4.408116341
2020/6/12,4.26,4.407816887
2020/6/15,4.23,4.394603252
2020/6/16,4.27,4.397562504
2020/6/17,4.25,4.38038826
2020/6/18,4.29,4.351281166
2020/6/19,4.3,4.337413788
2020/6/22,4.27,4.357413769
2020/6/23,4.26,4.360316277
2020/6/24,4.26,4.364331245
2020/6/29,4.24,4.352196693
2020/7/1,4.25,4.358226299
2020/7/2,4.32,4.366772652
2020/7/3,4.42,4.366292
2020/7/6,4.72,4.377411842
2020/7/7,4.7,4.462700844
2020/7/8,4.67,4.617714882
2020/7/9,4.74,4.765997887
2020/7/10,4.6,4.860301971
2020/7/13,4.63,4.829516888
2020/7/14,4.56,4.76064682
2020/7/15,4.49,4.666942596
2020/7/16,4.41,4.619589806
2020/7/17,4.39,4.568142891
2020/7/20,4.49,4.53042841
2020/7/21,4.47,4.481906414
2020/7/22,4.61,4.447753429
2020/7/23,4.54,4.446619034
2020/7/24,4.5,4.506735325
2020/7/27,4.46,4.567302704
2020/7/28,4.47,4.606440067
2020/7/29,4.5,4.532562733
2020/7/30,4.46,4.490388393
2020/7/31,4.45,4.460940838
2020/8/3,4.48,4.473720551
2020/8/4,4.53,4.490025043
2020/8/5,4.5,4.48865509
2020/8/6,4.53,4.501022339
2020/8/7,4.45,4.487323761
2020/8/10,4.47,4.486118317
2020/8/11,4.45,4.485294819
2020/8/12,4.46,4.484237194
2020/8/13,4.47,4.462200642
2020/8/14,4.48,4.4620924
2020/8/17,4.54,4.478284836
2020/8/18,4.53,4.47496891
2020/8/19,4.52,4.488801956
2020/8/20,4.46,4.520504951
2020/8/21,4.46,4.522733212
2020/8/24,4.46,4.486702919
2020/8/25,4.45,4.504085541
2020/8/26,4.43,4.487901688
2020/8/27,4.43,4.480178833
2020/8/28,4.45,4.503427505
2020/8/31,4.43,4.494662285
2020/9/1,4.41,4.489242077
2020/9/2,4.35,4.479633331
2020/9/3,4.31,4.481347084
2020/9/4,4.31,4.45375967
2020/9/7,4.28,4.444336891
2020/9/8,4.31,4.407188416
2020/9/9,4.28,4.366388321
2020/9/10,4.24,4.368952751
2020/9/11,4.24,4.370772839
2020/9/14,4.26,4.37061882
2020/9/15,4.24,4.358113766
2020/9/16,4.25,4.344112396
2020/9/17,4.23,4.341900826
2020/9/18,4.27,4.364028454
2020/9/21,4.25,4.377024174
2020/9/23,4.11,4.361579895
2020/9/24,4.1,4.335152626
2020/9/25,4.09,4.314724922
2020/9/28,4.1,4.300778389
2020/9/29,4.09,4.292300224
2020/9/30,4.11,4.2679286
2020/10/9,4.13,4.262061119
2020/10/12,4.18,4.285669804
2020/10/13,4.15,4.281104088
2020/10/14,4.11,4.282760143
2020/10/15,4.11,4.271450996
2020/10/16,4.11,4.279160023
2020/10/19,4.11,4.263959408
2020/10/20,4.1,4.284296513
2020/10/21,4.11,4.263525963
2020/10/22,4.1,4.272461891
2020/10/23,4.12,4.270738125
2020/10/26,4.11,4.258335114
2020/10/27,4.1,4.279751778
2020/10/28,4.09,4.27231884
2020/10/29,4.05,4.273132324
2020/10/30,4.07,4.244634628
2020/11/2,4.06,4.254937172
2020/11/3,4.12,4.252199173
2020/11/4,4.11,4.2367239
2020/11/5,4.12,4.220744133
2020/11/6,4.13,4.213572502
2020/11/9,4.18,4.234825134
2020/11/10,4.2,4.236703396
2020/11/11,4.27,4.270137787
2020/11/12,4.22,4.273163319
2020/11/13,4.18,4.276307106
2020/11/16,4.25,4.276630878
2020/11/17,4.28,4.266873837
2020/11/18,4.26,4.285843849
2020/11/19,4.24,4.315177441
2020/11/20,4.24,4.311531067
2020/11/23,4.31,4.309964657
2020/11/24,4.33,4.315782547
2020/11/25,4.31,4.340072155
2020/11/26,4.29,4.369589806
2020/11/27,4.3,4.379051208
2020/11/30,4.31,4.351004601
2020/12/1,4.3,4.372551918
2020/12/2,4.3,4.343551636
2020/12/3,4.3,4.354389668
2020/12/4,4.29,4.335927486
2020/12/7,4.24,4.318917274
2020/12/8,4.21,4.343839645
2020/12/9,4.18,4.353583336
2020/12/10,4.19,4.347457886
2020/12/11,4.22,4.32803154
2020/12/14,4.19,4.315011978
2020/12/15,4.15,4.321371555
2020/12/16,4.15,4.313098431
2020/12/17,4.22,4.304700375
2020/12/18,4.26,4.287730694
2020/12/21,4.25,4.298161507
2020/12/22,4.14,4.30134201
2020/12/23,4.14,4.321817875
2020/12/24,4.16,4.30354929
2020/12/25,4.17,4.294966698
2020/12/28,4.14,4.290468216
2020/12/29,4.13,4.260972977
2020/12/30,4.13,4.286367893
2020/12/31,4.15,4.295419216
2021/1/4,4.19,4.290977478
2021/1/5,4.18,4.26116848
2021/1/6,4.25,4.268614292
2021/1/7,4.25,4.291558266
2021/1/8,4.29,4.290121078
2021/1/11,4.22,4.2877388
2021/1/12,4.31,4.305787563
2021/1/13,4.36,4.300153255
2021/1/14,4.33,4.320334911
2021/1/15,4.28,4.3247962
2021/1/18,4.25,4.34403801
2021/1/19,4.26,4.345571041
2021/1/20,4.27,4.334857464
2021/1/21,4.25,4.329767704
2021/1/22,4.18,4.311389923
2021/1/25,4.15,4.32987833
2021/1/26,4.16,4.333542347
2021/1/27,4.15,4.316859722
2021/1/28,4.13,4.298630714
2021/1/29,4.09,4.264883041
2021/2/1,4.08,4.268101215
2021/2/2,4.09,4.271623135
2021/2/3,4.09,4.250333309
2021/2/4,4.09,4.231678009
2021/2/5,4.09,4.22371769
2021/2/8,4.12,4.232721806
2021/2/9,4.17,4.246246815
2021/2/10,4.2,4.247148514
2021/2/18,4.38,4.237315178
2021/2/19,4.32,4.320778847
2021/2/22,4.45,4.409049988
2021/2/23,4.48,4.533303261
2021/2/24,4.36,4.652026176
2021/2/25,4.43,4.614182472
2021/2/26,4.36,4.553982258
2021/3/1,4.37,4.515342236
2021/3/2,4.27,4.447811604
2021/3/3,4.31,4.395050049
2021/3/4,4.33,4.383297443
2021/3/5,4.42,4.370680332
2021/3/8,4.51,4.370650291
2021/3/9,4.47,4.399428368
2021/3/10,4.39,4.489958286
2021/3/11,4.44,4.529832363
2021/3/12,4.45,4.510588169
2021/3/15,4.51,4.47109127
2021/3/16,4.47,4.425034046
2021/3/17,4.44,4.444583893
2021/3/18,4.41,4.457611561
2021/3/19,4.32,4.456756592
2021/3/22,4.36,4.442276955
2021/3/23,4.32,4.445325375
2021/3/24,4.27,4.420639992
2021/3/25,4.28,4.398315907
2021/3/26,4.29,4.351216316
2021/3/29,4.3,4.382089615
2021/3/30,4.3,4.375444412
2021/3/31,4.3,4.35928154
2021/4/1,4.28,4.379348755
2021/4/2,4.28,4.379249573
2021/4/6,4.25,4.365544319
2021/4/7,4.27,4.371326447
2021/4/8,4.26,4.365310669
2021/4/9,4.27,4.367557526
2021/4/12,4.28,4.358517647
2021/4/13,4.25,4.354839325
2021/4/14,4.25,4.355024815
2021/4/15,4.27,4.359138966
2021/4/16,4.31,4.352414608
2021/4/19,4.29,4.352253437
2021/4/20,4.27,4.355519295
2021/4/21,4.23,4.374970913
2021/4/22,4.17,4.363864422
2021/4/23,4.17,4.348927021
2021/4/26,4.17,4.340065956
2021/4/27,4.14,4.33643055
2021/4/28,4.17,4.287909031
2021/4/29,4.2,4.251030445
2021/4/30,4.25,4.300484657
2021/5/6,4.38,4.30303669
2021/5/7,4.44,4.327118397
2021/5/10,4.58,4.393424034
2021/5/11,4.56,4.471026421
2021/5/12,4.69,4.531722069
2021/5/13,4.69,4.578523159
2021/5/14,4.65,4.624026299
2021/5/17,4.66,4.639906883
2021/5/18,4.87,4.637556076
2021/5/19,4.8,4.670911312
2021/5/20,4.66,4.696343422
2021/5/21,4.69,4.714780807
2021/5/24,4.62,4.735407829
2021/5/25,4.72,4.693159103
2021/5/26,4.68,4.660297394
2021/5/27,4.64,4.615506172
2021/5/28,4.67,4.627982616
2021/5/31,4.62,4.620155334
2021/6/1,4.71,4.614639759
2021/6/2,4.71,4.629144192
2021/6/3,4.75,4.631768703
2021/6/4,4.69,4.658103943
2021/6/7,4.75,4.657635689
2021/6/8,4.72,4.659268379
2021/6/9,4.89,4.666297913
2021/6/10,4.91,4.686171532
2021/6/11,5.19,4.720283508
2021/6/15,5.23,4.869075775
2021/6/16,5.31,5.058738708
2021/6/17,5.23,5.206250668
2021/6/18,5.15,5.359008789
2021/6/21,5.11,5.296919823
2021/6/22,5.38,5.266397476
2021/6/23,5.38,5.234074593
2021/6/24,5.39,5.199097157
2021/6/25,5.41,5.220046043
2021/6/28,5.35,5.269165039
2021/6/30,5.29,5.296953201
2021/7/1,5.24,5.308744907
2021/7/2,5.23,5.296095848
2021/7/5,5.19,5.253107071
2021/7/6,5.25,5.234844208
2021/7/7,5.12,5.211672783
2021/7/8,4.99,5.172262669
2021/7/9,4.99,5.11504221
2021/7/12,4.93,5.074558258
2021/7/13,4.95,5.056044579
2021/7/14,4.88,4.946845055
2021/7/15,4.86,4.886712551
2021/7/16,4.82,4.874769211
2021/7/19,4.74,4.83800745
2021/7/20,4.7,4.807147503
2021/7/21,4.68,4.767121315
2021/7/22,4.74,4.717838287
2021/7/23,4.71,4.708213329
2021/7/26,4.63,4.663239479
2021/7/27,4.7,4.642234325
2021/7/28,4.65,4.688529968
2021/7/29,4.64,4.668041706
2021/7/30,4.68,4.662167072
2021/8/2,4.67,4.624462128
2021/8/3,4.58,4.605199814
2021/8/4,4.61,4.595396042
2021/8/5,4.56,4.596988678
2021/8/6,4.55,4.582509041
2021/8/9,4.54,4.551064968
2021/8/10,4.55,4.547480583
2021/8/11,4.61,4.556264877
2021/8/12,4.6,4.539487362
2021/8/13,4.55,4.546396255
2021/8/16,4.6,4.561326981
2021/8/17,4.53,4.562090874
2021/8/18,4.54,4.554238796
2021/8/19,4.44,4.567039967
2021/8/20,4.4,4.547411919
2021/8/23,4.43,4.514224052
2021/8/24,4.51,4.481669426
2021/8/25,4.61,4.464561462
2021/8/26,4.65,4.442689896
2021/8/27,4.73,4.469258785
2021/8/30,4.86,4.53356266
2021/8/31,4.94,4.598583221
2021/9/1,4.93,4.685596466
2021/9/2,4.96,4.761820316
2021/9/3,5.05,4.81845665
2021/9/6,5.01,4.846851349
2021/9/7,5.13,4.869935989
2021/9/8,5.16,4.918951988
2021/9/9,5.27,4.967476845
2021/9/10,5.19,5.031636238
2021/9/13,5.5,5.104401112
2021/9/14,5.71,5.230443954
2021/9/15,5.99,5.599904537
2021/9/16,5.95,5.928207397
2021/9/22,6.11,6.167860508
2021/9/23,5.99,6.102195263
2021/9/24,5.97,6.066651821
2021/9/27,6.21,6.107289314
2021/9/28,6.49,6.270590305
2021/9/29,6.04,6.426229477
2021/9/30,6.01,6.617097855
2021/10/8,6.28,6.502315521
2021/10/11,6.15,6.368751526
2021/10/12,6,6.283928871
2021/10/13,5.75,6.181242943
2021/10/14,5.7,6.275981426
2021/10/15,5.95,6.213338375
2021/10/18,6.01,6.110165119
2021/10/19,5.96,5.940378189
2021/10/20,5.85,5.831548214
2021/10/21,5.88,5.871202469
2021/10/22,5.7,5.852214336
2021/10/25,5.91,5.874735832
2021/10/26,5.85,5.862426758
2021/10/27,5.81,5.842858791
2021/10/28,5.45,5.818602562
2021/10/29,5.48,5.793413162
2021/11/1,5.38,5.794780254
2021/11/2,5.27,5.743267059
2021/11/3,5.18,5.589869499
2021/11/4,5.07,5.375991344
2021/11/5,4.9,5.287355423
2021/11/8,4.93,5.203683853
2021/11/9,4.85,5.079614639
2021/11/10,4.85,4.990963936
2021/11/11,4.82,4.898890018
2021/11/12,4.81,4.846014023
2021/11/15,4.81,4.825328827
2021/11/16,4.77,4.78440237
2021/11/17,4.83,4.753453255
2021/11/18,4.77,4.742037773
2021/11/19,4.83,4.743881226
2021/11/22,4.85,4.743905067
2021/11/23,4.86,4.731969833
2021/11/24,4.95,4.755819321
2021/11/25,4.87,4.774804115
2021/11/26,4.77,4.793011665
2021/11/29,4.74,4.805148125
2021/11/30,4.71,4.810601234
2021/12/1,4.86,4.783079147
2021/12/2,4.89,4.742938995
2021/12/3,4.92,4.692730427
2021/12/6,4.89,4.701407433
2021/12/7,4.96,4.746735573
2021/12/8,5.01,4.779951572
2021/12/9,5.08,4.832938194
2021/12/10,4.97,4.870123863
2021/12/13,4.96,4.908155441
2021/12/14,4.86,4.919139862
2021/12/15,4.83,4.923788071
2021/12/16,4.94,4.896766663
2021/12/17,4.94,4.841882706
2021/12/20,4.85,4.825435638
2021/12/21,4.9,4.788534641
2021/12/22,4.89,4.814556122
2021/12/23,5.03,4.814060688
2021/12/24,4.94,4.84516716
2021/12/27,4.95,4.861015797
2021/12/28,4.93,4.896771908
2021/12/29,4.91,4.884614468
2021/12/30,4.9,4.85261631
2021/12/31,4.91,4.868507385
2022/1/4,4.94,4.868802071
2022/1/5,4.96,4.844692707
2022/1/6,4.98,4.866202354
2022/1/7,5.27,4.873457432
2022/1/10,5.3,4.983705521
2022/1/11,5.24,5.096553802
2022/1/12,5.33,5.188944817
2022/1/13,5.48,5.279978752
2022/1/14,5.29,5.314328671
2022/1/17,5.32,5.379630089
2022/1/18,5.49,5.437018871
2022/1/19,5.5,5.395454407
2022/1/20,5.4,5.417515755
2022/1/21,5.17,5.437670708
2022/1/24,5.3,5.482820034
2022/1/25,5.14,5.439089775
2022/1/26,5.28,5.332111359
2022/1/27,5.24,5.212181091
2022/1/28,5.02,5.149493217
2022/2/7,5.48,5.19129467
2022/2/8,5.53,5.287734032
2022/2/9,5.48,5.384655952
2022/2/10,5.52,5.42388773
2022/2/11,5.8,5.384607792
2022/2/14,5.82,5.545262814
2022/2/15,5.65,5.737275124
2022/2/16,5.64,5.851026058
2022/2/17,5.7,5.831880093
2022/2/18,5.63,5.740887642
2022/2/21,5.57,5.72114563
2022/2/22,5.8,5.603341579
2022/2/23,5.67,5.643275261
2022/2/24,5.91,5.710621834
2022/2/25,5.73,5.979467392
2022/2/28,5.77,6.128525734
2022/3/1,5.73,6.015619278
2022/3/2,5.84,5.922570229
2022/3/3,5.93,5.820346355
2022/3/4,5.81,5.932349682
2022/3/7,5.94,6.009735107
2022/3/8,5.9,6.093268871
2022/3/9,5.74,6.081250191
2022/3/10,5.66,6.087635517
2022/3/11,5.58,6.061436653
2022/3/14,5.46,5.936953545
2022/3/15,5,5.780789375
2022/3/16,5.08,5.635001659
2022/3/17,5.13,5.518566132
2022/3/18,5.25,5.412935257
2022/3/21,5.2,5.318645477
2022/3/22,5.35,5.142920017
2022/3/23,5.32,5.130105019
2022/3/24,5.35,5.168952465
