id,Date,Code,Close,Highest,Lowest,Open,Volume
1,2014-06-24,'300387,0.0,0.0,0.0,0.0,0
2,2014-07-02,'300387,29.49,29.49,24.58,24.58,62130
3,2014-07-03,'300387,32.44,32.44,32.44,32.44,19750
4,2014-07-04,'300387,35.68,35.68,35.68,35.68,27338
5,2014-07-07,'300387,39.25,39.25,39.25,39.25,92299
6,2014-07-08,'300387,43.18,43.18,43.18,43.18,181234
7,2014-07-09,'300387,47.5,47.5,47.5,47.5,155470
8,2014-07-10,'300387,52.25,52.25,52.25,52.25,203567
9,2014-07-11,'300387,57.48,57.48,57.48,57.48,86673
10,2014-07-14,'300387,63.23,63.23,63.23,63.23,168535
11,2014-07-15,'300387,59.96,69.55,59.66,69.55,9295272
12,2014-07-16,'300387,53.96,57.36,53.96,56.5,5386351
13,2014-07-17,'300387,52.49,54.58,51.59,53.25,3350738
14,2014-07-18,'300387,49.93,52.88,49.76,52.49,2839789
15,2014-07-21,'300387,49.69,50.47,48.69,49.28,1818689
16,2014-07-22,'300387,49.98,50.39,48.88,49.58,1955774
17,2014-07-23,'300387,47.87,49.99,47.72,49.88,2823831
18,2014-07-24,'300387,48.76,50.2,46.9,47.72,3599663
19,2014-07-25,'300387,46.2,47.98,45.01,47.98,3218499
20,2014-07-28,'300387,47.0,47.49,46.0,46.24,2009487
21,2014-07-29,'300387,47.46,48.07,46.86,47.1,1932758
22,2014-07-30,'300387,50.26,50.93,47.25,47.5,3957888
23,2014-07-31,'300387,48.74,49.85,48.61,49.85,2263052
24,2014-08-01,'300387,48.1,49.98,48.1,48.68,1913764
25,2014-08-04,'300387,47.9,48.48,47.2,48.0,1645009
26,2014-08-05,'300387,48.14,48.48,47.23,47.8,1359269
27,2014-08-06,'300387,47.62,48.56,47.53,48.15,1241953
28,2014-08-07,'300387,47.0,47.72,47.0,47.4,1067164
29,2014-08-08,'300387,47.16,47.49,47.01,47.01,884525
30,2014-08-11,'300387,47.56,47.68,47.06,47.26,873115
31,2014-08-12,'300387,47.54,47.74,47.3,47.68,956203
32,2014-08-13,'300387,45.93,47.37,45.8,47.37,1530140
33,2014-08-14,'300387,46.21,46.71,45.85,45.94,872886
34,2014-08-15,'300387,46.38,46.53,46.15,46.5,595231
35,2014-08-18,'300387,47.27,47.35,46.5,46.68,941753
36,2014-08-19,'300387,46.97,47.55,46.7,47.55,1152477
37,2014-08-20,'300387,48.05,48.65,46.78,47.27,2056798
38,2014-08-21,'300387,47.1,47.97,46.81,47.6,1140508
39,2014-08-22,'300387,47.95,48.4,47.0,47.19,1301978
40,2014-08-25,'300387,49.12,49.68,47.6,48.0,2481769
41,2014-08-26,'300387,47.36,49.4,47.22,49.0,1684470
42,2014-08-27,'300387,47.15,47.93,46.7,47.13,1142817
43,2014-08-28,'300387,49.51,49.95,46.91,46.93,3437740
44,2014-08-29,'300387,49.58,50.18,48.66,48.8,2169953
45,2014-09-01,'300387,49.9,50.29,49.02,50.29,1628015
46,2014-09-02,'300387,52.2,52.49,49.6,49.98,2625873
47,2014-09-03,'300387,51.28,52.45,50.71,52.37,2007705
48,2014-09-04,'300387,51.36,51.76,50.65,51.24,1577521
49,2014-09-05,'300387,50.17,51.83,50.04,51.5,1698389
50,2014-09-09,'300387,49.72,50.27,49.5,50.25,1034074
51,2014-09-10,'300387,50.72,50.97,49.6,49.63,1247459
52,2014-09-11,'300387,50.12,51.47,49.8,50.9,1522906
53,2014-09-12,'300387,50.13,50.35,49.5,50.0,841531
54,2014-09-15,'300387,50.17,50.48,49.83,50.16,725820
55,2014-09-16,'300387,48.19,50.28,48.19,50.27,1193097
56,2014-09-17,'300387,48.31,48.73,47.55,48.35,712438
57,2014-09-18,'300387,48.35,48.45,48.06,48.29,432195
58,2014-09-19,'300387,48.7,48.79,48.3,48.31,519928
59,2014-09-22,'300387,47.33,48.72,47.3,48.7,574238
60,2014-09-23,'300387,48.05,48.17,47.3,47.3,412491
61,2014-09-24,'300387,48.32,48.6,47.48,47.9,556328
62,2014-09-25,'300387,48.81,49.5,48.3,48.5,715186
63,2014-09-26,'300387,49.02,50.3,48.83,48.83,665248
64,2014-09-29,'300387,49.5,49.88,49.28,49.28,568444
65,2014-09-30,'300387,49.75,49.79,49.3,49.5,539146
66,2014-10-08,'300387,50.54,50.55,49.67,49.75,850635
67,2014-10-09,'300387,50.87,51.67,50.02,50.61,1326704
68,2014-10-10,'300387,49.98,51.11,49.82,51.11,868725
69,2014-10-13,'300387,50.68,50.77,49.41,49.51,782211
70,2014-10-14,'300387,49.75,50.99,49.53,50.49,760685
71,2014-10-15,'300387,50.6,50.6,49.5,49.7,1029610
72,2014-10-16,'300387,50.63,51.47,49.92,50.01,1412315
73,2014-10-17,'300387,53.36,54.39,50.5,50.5,3656878
74,2014-10-20,'300387,54.3,54.66,52.51,53.38,2470991
75,2014-10-21,'300387,55.67,56.3,53.53,53.78,2628164
76,2014-10-22,'300387,54.42,58.0,54.3,55.8,2996320
77,2014-10-23,'300387,52.76,54.32,52.6,53.99,2007183
78,2014-10-24,'300387,51.45,53.99,51.45,52.4,1429268
79,2014-10-27,'300387,49.78,51.59,49.28,51.59,1270055
80,2014-10-28,'300387,51.78,51.87,50.12,50.12,1455212
81,2014-10-29,'300387,53.14,53.34,51.79,52.0,1491436
82,2014-10-30,'300387,52.0,53.51,52.0,52.77,1352959
83,2014-10-31,'300387,53.35,53.35,51.35,52.0,1547504
84,2014-11-03,'300387,54.5,55.02,53.39,53.39,1534685
85,2014-11-04,'300387,52.88,54.88,52.58,54.49,1496048
86,2014-11-05,'300387,53.9,54.46,52.41,52.87,1207558
87,2014-11-06,'300387,55.52,55.73,53.5,53.68,2012429
88,2014-11-07,'300387,54.45,56.33,54.12,55.78,2210260
89,2014-11-10,'300387,55.16,55.39,53.81,54.73,1264143
90,2014-11-11,'300387,54.95,55.8,53.6,55.21,1901923
91,2014-11-12,'300387,60.45,60.45,55.16,55.16,1889326
92,2014-11-13,'300387,59.67,65.88,59.25,60.78,4948709
93,2014-11-14,'300387,53.77,58.15,53.7,58.13,3482486
94,2014-11-17,'300387,54.97,56.26,53.0,53.91,1941774
95,2014-11-18,'300387,55.83,56.49,54.49,54.72,1418387
96,2014-11-19,'300387,55.38,55.85,54.24,55.6,1227472
97,2014-11-20,'300387,55.69,55.83,54.51,54.85,838705
98,2014-11-21,'300387,56.43,58.0,55.88,55.96,1679771
99,2014-11-24,'300387,56.95,58.0,56.4,56.49,1371992
100,2014-11-25,'300387,55.93,56.8,54.35,56.8,1558799
101,2014-11-26,'300387,55.97,56.88,55.0,56.0,1162851
102,2014-11-27,'300387,56.7,57.45,56.02,56.4,1284694
103,2014-11-28,'300387,57.65,57.99,56.76,57.0,1485367
104,2014-12-01,'300387,58.22,58.55,56.26,58.39,1505128
105,2014-12-02,'300387,60.88,62.3,58.36,58.4,2095183
106,2014-12-03,'300387,61.15,61.8,59.01,60.5,1740697
107,2014-12-04,'300387,60.29,62.0,60.0,62.0,1286087
108,2014-12-05,'300387,56.7,60.3,55.8,60.3,1441144
109,2014-12-08,'300387,54.78,56.6,54.51,56.3,1131315
110,2014-12-09,'300387,50.15,55.24,50.01,53.97,1697537
111,2014-12-10,'300387,51.75,52.23,50.2,50.2,1018765
112,2014-12-11,'300387,52.03,52.51,50.61,51.0,732949
113,2014-12-12,'300387,52.25,52.37,51.61,52.2,667496
114,2014-12-15,'300387,53.01,53.3,51.42,52.0,803077
115,2014-12-16,'300387,52.25,53.5,51.87,53.01,708659
116,2014-12-17,'300387,51.0,52.2,50.45,52.01,846181
117,2014-12-18,'300387,50.12,51.43,50.0,50.09,617304
118,2014-12-19,'300387,47.26,50.5,46.78,50.13,1058965
119,2014-12-22,'300387,42.56,46.71,42.53,46.7,1082407
120,2014-12-23,'300387,43.5,44.43,42.05,42.19,617733
121,2014-12-24,'300387,45.9,45.93,44.13,44.3,720736
122,2014-12-25,'300387,45.63,45.96,44.77,45.95,552790
123,2014-12-26,'300387,45.79,46.02,45.21,45.63,277418
124,2014-12-29,'300387,43.58,45.51,43.39,45.5,512701
125,2014-12-30,'300387,43.18,43.9,42.6,43.2,334238
126,2014-12-31,'300387,44.1,44.2,42.7,43.31,415742
127,2015-01-05,'300387,43.16,43.94,42.22,43.94,499702
128,2015-01-06,'300387,44.9,44.95,42.66,43.16,581122
129,2015-01-07,'300387,44.25,44.9,44.06,44.9,367714
130,2015-01-08,'300387,45.06,45.3,44.1,44.1,634866
131,2015-01-09,'300387,46.1,46.6,44.6,44.88,863298
132,2015-01-12,'300387,46.6,47.29,45.61,46.1,757275
133,2015-01-13,'300387,46.58,47.2,46.08,46.1,404530
134,2015-01-14,'300387,45.15,46.7,44.81,46.41,500292
135,2015-01-15,'300387,44.67,45.65,44.56,45.17,443066
136,2015-01-16,'300387,45.69,46.3,44.7,44.7,436591
137,2015-01-19,'300387,46.0,47.5,44.8,45.6,799146
138,2015-01-20,'300387,48.22,48.26,46.2,47.0,911623
139,2015-01-21,'300387,48.5,48.8,47.53,48.22,989600
140,2015-01-22,'300387,48.95,49.19,47.65,48.38,729915
141,2015-01-23,'300387,47.88,48.95,47.88,48.95,486752
142,2015-01-26,'300387,48.59,48.75,47.46,47.83,327135
143,2015-01-27,'300387,48.13,48.68,47.61,48.32,271260
144,2015-01-28,'300387,48.38,48.54,47.71,47.75,385548
145,2015-01-29,'300387,47.85,48.59,47.85,48.35,272659
146,2015-01-30,'300387,46.14,47.45,45.72,46.62,966133
147,2015-02-02,'300387,45.5,46.35,45.27,45.78,233651
148,2015-02-03,'300387,46.47,46.78,45.7,45.88,292426
149,2015-02-04,'300387,46.3,46.92,46.13,46.61,260960
150,2015-02-05,'300387,46.09,46.77,46.03,46.31,287780
151,2015-02-06,'300387,43.98,46.07,43.85,46.01,379027
152,2015-02-09,'300387,43.38,44.3,43.0,43.83,172820
153,2015-02-10,'300387,43.59,43.78,43.38,43.41,237209
154,2015-02-11,'300387,44.03,44.44,43.59,43.62,208876
155,2015-02-12,'300387,44.6,44.81,44.03,44.4,223406
156,2015-02-13,'300387,45.78,45.85,44.78,44.8,318551
157,2015-02-16,'300387,46.68,46.89,45.33,45.8,319066
158,2015-02-17,'300387,46.26,46.94,45.55,46.79,424331
159,2015-02-25,'300387,45.12,46.4,45.08,46.26,277306
160,2015-02-26,'300387,46.27,47.15,45.17,45.4,310042
161,2015-02-27,'300387,47.37,48.5,46.02,46.27,744583
162,2015-03-02,'300387,48.7,49.68,46.8,47.53,921792
163,2015-03-03,'300387,47.41,48.7,47.38,48.7,508800
164,2015-03-04,'300387,48.25,48.26,47.03,47.03,409246
165,2015-03-05,'300387,47.66,48.19,47.41,47.72,340447
166,2015-03-06,'300387,46.7,47.93,46.7,47.67,381701
167,2015-03-09,'300387,47.3,47.32,46.1,46.7,246658
168,2015-03-10,'300387,48.77,49.8,46.98,46.98,837595
169,2015-03-11,'300387,50.68,50.85,47.81,48.4,1467984
170,2015-03-12,'300387,0.0,0.0,0.0,0.0,0
171,2015-03-13,'300387,0.0,0.0,0.0,0.0,0
172,2015-03-16,'300387,0.0,0.0,0.0,0.0,0
173,2015-03-17,'300387,0.0,0.0,0.0,0.0,0
174,2015-03-18,'300387,0.0,0.0,0.0,0.0,0
175,2015-03-19,'300387,51.54,54.39,51.0,52.5,1600368
176,2015-03-20,'300387,51.95,52.96,50.96,51.35,951914
177,2015-03-23,'300387,53.0,53.0,51.76,51.93,1030350
178,2015-03-24,'300387,52.55,52.99,50.53,52.98,1186002
179,2015-03-25,'300387,54.03,55.0,51.66,52.5,1453885
180,2015-03-26,'300387,53.4,55.0,51.5,53.67,1249954
181,2015-03-27,'300387,54.45,55.5,52.8,53.01,1495320
182,2015-03-30,'300387,53.16,54.7,52.51,54.1,860836
183,2015-03-31,'300387,53.95,55.99,52.85,53.16,968700
184,2015-04-01,'300387,55.0,55.68,53.51,53.93,1122486
185,2015-04-02,'300387,55.6,56.47,54.75,54.91,1197123
186,2015-04-03,'300387,58.71,58.88,55.09,55.6,1902697
187,2015-04-07,'300387,58.0,59.49,57.85,59.49,1455573
188,2015-04-08,'300387,55.81,57.97,54.56,57.89,1526676
189,2015-04-09,'300387,61.39,61.39,55.58,55.7,2433775
190,2015-04-10,'300387,61.35,66.0,60.01,63.5,3587874
191,2015-04-13,'300387,61.7,62.96,59.5,60.6,2100645
192,2015-04-14,'300387,66.47,67.76,61.14,61.5,2437542
193,2015-04-15,'300387,62.1,67.8,62.08,67.0,1671733
194,2015-04-16,'300387,61.18,62.58,59.67,60.57,1374790
195,2015-04-17,'300387,60.6,62.29,59.67,61.75,1164637
196,2015-04-20,'300387,56.87,60.4,56.86,60.4,1084988
197,2015-04-21,'300387,61.0,61.0,57.05,57.08,973933
198,2015-04-22,'300387,0.0,0.0,0.0,0.0,0
199,2015-04-23,'300387,0.0,0.0,0.0,0.0,0
200,2015-04-24,'300387,0.0,0.0,0.0,0.0,0
201,2015-04-27,'300387,0.0,0.0,0.0,0.0,0
202,2015-04-28,'300387,0.0,0.0,0.0,0.0,0
203,2015-04-29,'300387,0.0,0.0,0.0,0.0,0
204,2015-04-30,'300387,0.0,0.0,0.0,0.0,0
205,2015-05-04,'300387,0.0,0.0,0.0,0.0,0
206,2015-05-05,'300387,0.0,0.0,0.0,0.0,0
207,2015-05-06,'300387,0.0,0.0,0.0,0.0,0
208,2015-05-07,'300387,0.0,0.0,0.0,0.0,0
209,2015-05-08,'300387,0.0,0.0,0.0,0.0,0
210,2015-05-11,'300387,0.0,0.0,0.0,0.0,0
211,2015-05-12,'300387,0.0,0.0,0.0,0.0,0
212,2015-05-13,'300387,0.0,0.0,0.0,0.0,0
213,2015-05-14,'300387,0.0,0.0,0.0,0.0,0
214,2015-05-15,'300387,0.0,0.0,0.0,0.0,0
215,2015-05-18,'300387,0.0,0.0,0.0,0.0,0
216,2015-05-19,'300387,0.0,0.0,0.0,0.0,0
217,2015-05-20,'300387,0.0,0.0,0.0,0.0,0
218,2015-05-21,'300387,0.0,0.0,0.0,0.0,0
219,2015-05-22,'300387,0.0,0.0,0.0,0.0,0
220,2015-05-25,'300387,0.0,0.0,0.0,0.0,0
221,2015-05-26,'300387,0.0,0.0,0.0,0.0,0
222,2015-05-27,'300387,0.0,0.0,0.0,0.0,0
223,2015-05-28,'300387,0.0,0.0,0.0,0.0,0
224,2015-05-29,'300387,0.0,0.0,0.0,0.0,0
225,2015-06-01,'300387,0.0,0.0,0.0,0.0,0
226,2015-06-02,'300387,0.0,0.0,0.0,0.0,0
227,2015-06-03,'300387,0.0,0.0,0.0,0.0,0
228,2015-06-04,'300387,0.0,0.0,0.0,0.0,0
229,2015-06-05,'300387,0.0,0.0,0.0,0.0,0
230,2015-06-08,'300387,0.0,0.0,0.0,0.0,0
231,2015-06-09,'300387,0.0,0.0,0.0,0.0,0
232,2015-06-10,'300387,0.0,0.0,0.0,0.0,0
233,2015-06-11,'300387,0.0,0.0,0.0,0.0,0
234,2015-06-12,'300387,0.0,0.0,0.0,0.0,0
235,2015-06-15,'300387,0.0,0.0,0.0,0.0,0
236,2015-06-16,'300387,0.0,0.0,0.0,0.0,0
237,2015-06-17,'300387,0.0,0.0,0.0,0.0,0
238,2015-06-18,'300387,0.0,0.0,0.0,0.0,0
239,2015-06-19,'300387,0.0,0.0,0.0,0.0,0
240,2015-06-23,'300387,0.0,0.0,0.0,0.0,0
241,2015-06-24,'300387,0.0,0.0,0.0,0.0,0
242,2015-06-25,'300387,0.0,0.0,0.0,0.0,0
243,2015-06-26,'300387,0.0,0.0,0.0,0.0,0
244,2015-06-29,'300387,0.0,0.0,0.0,0.0,0
245,2015-06-30,'300387,0.0,0.0,0.0,0.0,0
246,2015-07-01,'300387,0.0,0.0,0.0,0.0,0
247,2015-07-02,'300387,0.0,0.0,0.0,0.0,0
248,2015-07-03,'300387,0.0,0.0,0.0,0.0,0
249,2015-07-06,'300387,0.0,0.0,0.0,0.0,0
250,2015-07-07,'300387,0.0,0.0,0.0,0.0,0
251,2015-07-08,'300387,0.0,0.0,0.0,0.0,0
252,2015-07-09,'300387,0.0,0.0,0.0,0.0,0
253,2015-07-10,'300387,0.0,0.0,0.0,0.0,0
254,2015-07-13,'300387,0.0,0.0,0.0,0.0,0
255,2015-07-14,'300387,0.0,0.0,0.0,0.0,0
256,2015-07-15,'300387,0.0,0.0,0.0,0.0,0
257,2015-07-16,'300387,0.0,0.0,0.0,0.0,0
258,2015-07-17,'300387,0.0,0.0,0.0,0.0,0
259,2015-07-20,'300387,0.0,0.0,0.0,0.0,0
260,2015-07-21,'300387,0.0,0.0,0.0,0.0,0
261,2015-07-22,'300387,0.0,0.0,0.0,0.0,0
262,2015-07-23,'300387,0.0,0.0,0.0,0.0,0
263,2015-07-24,'300387,0.0,0.0,0.0,0.0,0
264,2015-07-27,'300387,0.0,0.0,0.0,0.0,0
265,2015-07-28,'300387,0.0,0.0,0.0,0.0,0
266,2015-07-29,'300387,0.0,0.0,0.0,0.0,0
267,2015-07-30,'300387,0.0,0.0,0.0,0.0,0
268,2015-07-31,'300387,0.0,0.0,0.0,0.0,0
269,2015-08-03,'300387,0.0,0.0,0.0,0.0,0
270,2015-08-04,'300387,0.0,0.0,0.0,0.0,0
271,2015-08-05,'300387,0.0,0.0,0.0,0.0,0
272,2015-08-06,'300387,0.0,0.0,0.0,0.0,0
273,2015-08-07,'300387,0.0,0.0,0.0,0.0,0
274,2015-08-10,'300387,0.0,0.0,0.0,0.0,0
275,2015-08-11,'300387,0.0,0.0,0.0,0.0,0
276,2015-08-12,'300387,0.0,0.0,0.0,0.0,0
277,2015-08-13,'300387,0.0,0.0,0.0,0.0,0
278,2015-08-14,'300387,66.94,66.94,66.94,66.94,327965
279,2015-08-17,'300387,69.0,69.98,64.01,66.94,3339407
280,2015-08-18,'300387,62.1,72.27,62.1,67.03,2553940
281,2015-08-19,'300387,62.7,63.58,55.89,57.03,2417743
282,2015-08-20,'300387,56.43,59.84,56.43,59.84,2546184
283,2015-08-21,'300387,55.87,56.88,50.79,53.34,3349044
284,2015-08-24,'300387,50.28,52.5,50.28,51.08,870589
285,2015-08-25,'300387,45.25,50.0,45.25,45.25,983271
286,2015-08-26,'300387,40.73,46.49,40.73,45.25,2377185
287,2015-08-27,'300387,39.8,41.99,36.66,40.85,3301933
288,2015-08-28,'300387,43.66,43.66,38.38,39.98,2839928
289,2015-08-31,'300387,42.68,47.88,40.03,42.5,1902262
290,2015-09-01,'300387,38.41,42.07,38.41,42.07,1459941
291,2015-09-02,'300387,34.57,39.53,34.57,35.9,1262597
292,2015-09-07,'300387,36.4,37.12,35.24,35.5,1282448
293,2015-09-08,'300387,38.95,39.97,34.88,35.5,1469618
294,2015-09-09,'300387,42.18,42.4,39.0,39.0,1897433
295,2015-09-10,'300387,42.13,42.45,40.2,42.0,1768226
296,2015-09-11,'300387,20.32,20.97,19.78,20.55,2417186
297,2015-09-14,'300387,18.29,20.58,18.29,20.33,2305882
298,2015-09-15,'300387,16.46,17.2,16.46,16.81,3076522
299,2015-09-16,'300387,17.62,18.07,16.03,16.4,3537286
300,2015-09-17,'300387,16.98,18.23,16.75,17.18,4339692
301,2015-09-18,'300387,16.76,17.18,16.4,16.83,2465472
302,2015-09-21,'300387,17.99,17.99,16.51,16.58,3017054
303,2015-09-22,'300387,18.75,19.16,18.11,18.11,4152796
304,2015-09-23,'300387,18.3,18.83,18.11,18.3,2509150
305,2015-09-24,'300387,19.03,19.47,18.4,18.51,3498036
306,2015-09-25,'300387,17.76,19.1,17.6,19.1,2284739
307,2015-09-28,'300387,18.3,18.43,17.44,17.71,2113231
308,2015-09-29,'300387,17.66,18.1,17.5,17.81,1576638
309,2015-09-30,'300387,17.73,18.1,17.51,17.87,1506367
310,2015-10-08,'300387,18.69,18.89,18.02,18.2,3714152
311,2015-10-09,'300387,19.74,20.26,18.4,18.55,5241443
312,2015-10-12,'300387,20.59,20.78,19.7,19.9,6035690
313,2015-10-13,'300387,20.33,20.48,20.01,20.21,3568782
314,2015-10-14,'300387,20.63,21.32,20.41,20.55,4539393
315,2015-10-15,'300387,21.16,21.26,20.22,20.32,3778228
316,2015-10-16,'300387,21.63,21.98,21.13,21.28,4217260
317,2015-10-19,'300387,20.9,21.8,20.55,21.68,4297378
318,2015-10-20,'300387,21.45,21.5,20.6,20.8,3240186
319,2015-10-21,'300387,20.88,22.68,20.88,21.46,8042965
320,2015-10-22,'300387,22.55,22.55,20.43,20.49,7047018
321,2015-10-23,'300387,23.0,23.1,22.21,22.35,5675928
322,2015-10-26,'300387,22.74,23.6,22.28,23.42,4150063
323,2015-10-27,'300387,23.15,23.3,21.4,22.62,4359470
324,2015-10-28,'300387,22.2,22.94,22.01,22.9,3329070
325,2015-10-29,'300387,22.24,22.81,22.04,22.8,2157622
326,2015-10-30,'300387,22.01,22.49,21.7,22.09,2360202
327,2015-11-02,'300387,22.34,22.9,21.37,21.77,3924886
328,2015-11-03,'300387,22.69,22.73,22.05,22.39,4042925
329,2015-11-04,'300387,24.25,24.4,22.8,22.85,5604621
330,2015-11-05,'300387,23.79,24.59,23.42,24.2,4774902
331,2015-11-06,'300387,24.7,24.8,23.6,23.61,3743940
332,2015-11-09,'300387,25.46,25.76,24.5,24.5,4738259
333,2015-11-10,'300387,25.17,25.85,24.74,25.3,4035409
334,2015-11-11,'300387,26.99,27.56,25.25,25.25,6291600
335,2015-11-12,'300387,28.5,29.0,26.5,27.07,6467589
336,2015-11-13,'300387,26.52,28.45,26.0,27.97,5569303
337,2015-11-16,'300387,27.98,27.99,25.48,25.5,4032604
338,2015-11-17,'300387,27.09,28.68,27.01,28.68,4094671
339,2015-11-18,'300387,25.64,27.35,25.6,27.13,4403727
340,2015-11-19,'300387,26.55,26.65,25.65,25.76,2851678
341,2015-11-20,'300387,27.42,27.8,26.3,26.68,4203634
342,2015-11-23,'300387,29.06,30.16,27.15,27.5,6355911
343,2015-11-24,'300387,29.46,29.55,28.02,29.49,4585702
344,2015-11-25,'300387,29.9,30.46,29.2,29.52,4491049
345,2015-11-26,'300387,29.06,30.15,28.96,30.14,3868830
346,2015-11-27,'300387,26.4,29.18,26.23,28.8,4539630
347,2015-11-30,'300387,27.46,27.6,24.81,26.64,4335187
348,2015-12-01,'300387,27.38,27.85,26.68,27.2,3199123
349,2015-12-02,'300387,27.25,27.98,26.0,27.49,2792960
350,2015-12-03,'300387,28.08,28.19,27.12,27.12,3208529
351,2015-12-04,'300387,27.56,28.28,27.2,28.05,3093286
352,2015-12-07,'300387,27.88,28.18,27.04,27.7,2918579
353,2015-12-08,'300387,27.25,27.9,27.0,27.9,3411157
354,2015-12-09,'300387,26.79,27.42,26.7,27.4,1754631
355,2015-12-10,'300387,26.66,27.23,26.58,26.86,2003641
356,2015-12-11,'300387,26.7,27.07,26.01,26.6,2484615
357,2015-12-14,'300387,28.05,28.6,26.51,26.91,4644054
358,2015-12-15,'300387,27.97,28.2,27.53,27.98,2546182
359,2015-12-16,'300387,28.73,29.53,28.0,28.03,3790872
360,2015-12-17,'300387,31.6,31.6,28.92,28.92,4272543
361,2015-12-18,'300387,30.73,33.3,30.58,32.46,7219035
362,2015-12-21,'300387,30.74,31.18,30.02,30.5,2975528
363,2015-12-22,'300387,30.66,30.98,30.1,30.65,2553764
364,2015-12-23,'300387,30.7,31.4,30.53,30.54,3243905
365,2015-12-24,'300387,31.9,31.9,30.1,30.6,2688713
366,2015-12-25,'300387,31.76,34.0,31.5,31.91,4417823
367,2015-12-28,'300387,30.69,32.04,30.22,31.68,3880872
368,2015-12-29,'300387,31.24,31.34,30.07,30.5,2843174
369,2015-12-30,'300387,32.01,32.49,31.2,31.6,3356627
370,2015-12-31,'300387,30.71,32.18,30.68,32.18,2371133
371,2016-01-04,'300387,27.64,30.96,27.64,30.5,2545365
372,2016-01-05,'300387,26.1,27.15,24.91,24.91,3353371
373,2016-01-06,'300387,26.7,26.87,25.89,26.2,2281914
374,2016-01-07,'300387,24.03,26.35,24.03,26.35,620500
375,2016-01-08,'300387,23.73,25.03,21.63,24.03,3082108
376,2016-01-11,'300387,21.36,23.96,21.36,23.24,2654708
377,2016-01-12,'300387,21.88,22.29,21.01,21.5,2074218
378,2016-01-13,'300387,21.45,22.49,21.0,21.95,2739581
379,2016-01-14,'300387,22.69,22.96,20.37,20.9,2222401
380,2016-01-15,'300387,22.0,23.15,21.31,22.6,2366482
381,2016-01-18,'300387,22.57,22.92,21.23,21.33,1951356
382,2016-01-19,'300387,23.49,23.59,22.33,22.57,2152065
383,2016-01-20,'300387,24.21,25.6,23.59,23.97,3913745
384,2016-01-21,'300387,22.91,24.28,22.91,23.7,2678900
385,2016-01-22,'300387,23.3,23.49,22.27,23.24,1715605
386,2016-01-25,'300387,23.45,23.8,23.03,23.3,1634090
387,2016-01-26,'300387,21.46,23.91,21.22,23.3,2787772
388,2016-01-27,'300387,21.46,22.0,20.11,21.78,1852935
389,2016-01-28,'300387,20.69,21.85,20.5,21.68,1235098
390,2016-01-29,'300387,21.36,21.89,20.15,20.73,1874387
391,2016-02-01,'300387,21.45,21.83,20.9,21.21,1324086
392,2016-02-02,'300387,22.47,22.66,21.24,21.25,2312311
393,2016-02-03,'300387,23.15,23.2,21.83,22.33,2534136
394,2016-02-04,'300387,23.54,23.83,23.05,23.05,2234205
395,2016-02-05,'300387,23.09,23.78,22.96,23.57,1536610
396,2016-02-15,'300387,22.82,22.94,21.55,21.55,1499188
397,2016-02-16,'300387,23.85,23.92,22.81,22.81,2386360
398,2016-02-17,'300387,23.93,24.05,23.32,24.0,2457183
399,2016-02-18,'300387,23.85,24.48,23.7,24.2,2002521
400,2016-02-19,'300387,23.8,23.99,23.56,23.62,2033122
401,2016-02-22,'300387,24.5,24.59,23.78,24.05,3252654
402,2016-02-23,'300387,24.2,24.74,23.75,24.48,2435464
403,2016-02-24,'300387,24.07,24.17,23.37,23.88,1775181
404,2016-02-25,'300387,21.66,24.03,21.66,24.0,2278169
405,2016-02-26,'300387,21.6,22.2,21.0,21.88,1584142
406,2016-02-29,'300387,19.44,21.8,19.44,21.58,2496611
407,2016-03-01,'300387,19.94,20.12,19.06,19.55,2739878
408,2016-03-02,'300387,21.16,21.22,19.82,20.05,2521588
409,2016-03-03,'300387,21.34,21.93,21.06,21.19,2493979
410,2016-03-04,'300387,20.1,21.5,19.62,21.38,1873239
411,2016-03-07,'300387,20.69,21.0,20.3,20.3,1313769
412,2016-03-08,'300387,21.2,21.2,19.58,20.83,2004995
413,2016-03-09,'300387,20.88,21.12,20.32,20.37,1440416
414,2016-03-10,'300387,20.21,21.08,20.2,20.68,1239685
415,2016-03-11,'300387,20.34,20.49,19.93,20.12,965060
416,2016-03-14,'300387,21.27,21.86,20.7,20.84,2583384
417,2016-03-15,'300387,21.17,21.65,21.12,21.65,1458643
418,2016-03-16,'300387,20.85,21.88,20.82,21.6,1471724
419,2016-03-17,'300387,21.88,22.0,20.95,20.98,2119418
420,2016-03-18,'300387,23.03,23.15,21.75,21.9,2529881
421,2016-03-21,'300387,23.36,23.67,23.04,23.48,2037513
422,2016-03-22,'300387,23.45,23.83,23.02,23.26,1639129
423,2016-03-23,'300387,23.85,23.89,23.27,23.36,1528541
424,2016-03-24,'300387,23.34,24.11,23.3,23.71,2231125
425,2016-03-25,'300387,24.0,24.19,23.01,23.05,2462968
426,2016-03-28,'300387,23.36,24.45,23.24,24.24,2787615
427,2016-03-29,'300387,22.49,23.45,22.18,23.16,2228456
428,2016-03-30,'300387,23.96,24.0,22.56,22.75,2909608
429,2016-03-31,'300387,24.54,25.2,23.8,24.0,3867555
430,2016-04-01,'300387,24.33,24.95,23.85,24.77,2378869
431,2016-04-05,'300387,25.85,25.85,24.03,24.03,3902615
432,2016-04-06,'300387,25.83,26.18,25.42,25.83,2483338
433,2016-04-07,'300387,25.1,26.01,25.06,26.0,2167505
434,2016-04-08,'300387,24.82,25.17,24.61,24.9,2184702
435,2016-04-11,'300387,25.81,26.0,25.0,25.17,2945464
436,2016-04-12,'300387,25.35,25.9,25.0,25.9,2460775
437,2016-04-13,'300387,25.78,26.19,25.4,25.5,2144913
438,2016-04-14,'300387,26.41,26.41,25.75,25.75,2152960
439,2016-04-15,'300387,25.78,26.27,25.56,26.03,3941251
440,2016-04-18,'300387,25.77,25.95,25.3,25.85,2359516
441,2016-04-19,'300387,26.17,26.66,26.0,26.0,2904113
442,2016-04-20,'300387,24.27,26.3,23.85,26.2,3465451
443,2016-04-21,'300387,24.37,24.66,23.9,24.38,1792775
444,2016-04-22,'300387,24.55,24.62,23.81,24.1,1205526
445,2016-04-25,'300387,24.22,24.5,23.54,24.45,1254422
446,2016-04-26,'300387,24.68,24.68,24.01,24.2,1244657
447,2016-04-27,'300387,24.83,25.1,24.53,24.7,1368733
448,2016-04-28,'300387,24.8,24.99,24.11,24.88,1171752
449,2016-04-29,'300387,24.73,24.95,24.31,24.7,1284178
450,2016-05-03,'300387,25.73,25.84,24.3,24.52,3146175
451,2016-05-04,'300387,25.7,25.82,25.42,25.42,2426612
452,2016-05-05,'300387,25.71,25.77,25.33,25.51,1991773
453,2016-05-06,'300387,24.41,25.94,24.37,25.83,2882704
454,2016-05-09,'300387,23.65,24.24,23.53,24.13,2502990
455,2016-05-10,'300387,23.68,23.88,23.3,23.3,1124479
456,2016-05-11,'300387,23.5,23.89,23.31,23.71,1103067
457,2016-05-12,'300387,23.5,23.8,22.61,23.35,1299903
458,2016-05-13,'300387,23.19,23.79,22.91,23.4,1908278
459,2016-05-16,'300387,23.49,23.49,22.85,23.04,1678985
460,2016-05-17,'300387,23.58,23.8,23.04,23.49,1674414
461,2016-05-18,'300387,22.11,23.46,21.88,23.46,1446437
462,2016-05-19,'300387,22.28,22.8,22.11,22.19,1432672
463,2016-05-20,'300387,22.45,22.47,21.96,22.18,1145539
464,2016-05-23,'300387,23.14,23.53,22.48,22.54,1393563
465,2016-05-24,'300387,24.1,24.88,22.82,23.38,4673581
466,2016-05-25,'300387,23.91,24.3,23.61,24.29,3019457
467,2016-05-26,'300387,24.08,24.25,23.11,23.65,1962507
468,2016-05-27,'300387,23.94,24.33,23.82,24.08,1958407
469,2016-05-30,'300387,23.94,24.25,23.3,23.68,1389903
470,2016-05-31,'300387,24.96,25.0,23.81,23.93,3455799
471,2016-06-01,'300387,25.51,26.36,25.0,25.05,4468830
472,2016-06-02,'300387,26.05,26.16,25.36,25.41,3368505
473,2016-06-03,'300387,26.0,26.5,25.81,26.15,2929464
474,2016-06-06,'300387,26.18,26.31,25.71,26.05,2012799
475,2016-06-07,'300387,26.08,26.19,25.68,26.09,2276852
476,2016-06-08,'300387,25.78,26.08,25.41,26.08,1845113
477,2016-06-13,'300387,23.8,25.75,23.4,25.55,3392559
478,2016-06-14,'300387,23.89,23.97,23.33,23.58,2151623
479,2016-06-15,'300387,25.15,25.25,23.41,23.83,2598866
480,2016-06-16,'300387,25.3,25.56,24.8,25.15,3209432
481,2016-06-17,'300387,26.38,26.4,25.52,25.66,4686325
482,2016-06-20,'300387,27.7,28.19,26.76,26.76,5884257
483,2016-06-21,'300387,26.45,27.76,26.41,27.15,3640112
484,2016-06-22,'300387,27.54,27.7,26.31,26.45,3357952
485,2016-06-23,'300387,27.29,27.8,26.7,27.28,2761663
486,2016-06-24,'300387,27.37,27.63,26.1,27.29,3063810
487,2016-06-27,'300387,28.17,28.38,26.93,27.0,4101798
488,2016-06-28,'300387,28.54,28.73,27.91,27.91,3074503
489,2016-06-29,'300387,28.37,28.95,28.16,28.9,2448385
490,2016-06-30,'300387,28.16,28.5,28.06,28.37,1569319
491,2016-07-01,'300387,28.19,28.97,28.16,28.26,2417344
492,2016-07-04,'300387,28.95,28.98,27.8,27.99,2983843
493,2016-07-05,'300387,28.74,29.15,28.5,29.08,2577976
494,2016-07-06,'300387,28.92,29.25,28.5,28.5,2521067
495,2016-07-07,'300387,29.51,29.77,28.55,28.69,3776481
496,2016-07-08,'300387,29.37,29.96,29.26,29.96,2933532
497,2016-07-11,'300387,28.55,29.55,28.5,29.48,2281198
498,2016-07-12,'300387,28.65,28.68,27.65,28.5,2436732
499,2016-07-13,'300387,28.9,29.3,28.47,28.55,1918377
500,2016-07-14,'300387,28.5,29.24,28.49,29.2,2188591
501,2016-07-15,'300387,29.33,29.88,28.87,29.2,3749048
502,2016-07-18,'300387,30.25,30.45,29.05,29.15,3510194
503,2016-07-19,'300387,30.07,30.2,29.46,30.08,2610225
504,2016-07-20,'300387,29.76,30.3,29.75,29.94,1737550
505,2016-07-21,'300387,29.76,29.92,29.38,29.85,1822642
506,2016-07-22,'300387,28.76,29.76,28.71,29.74,2366968
507,2016-07-25,'300387,28.61,28.94,28.21,28.88,1777982
508,2016-07-26,'300387,29.2,29.29,28.35,28.54,1721500
509,2016-07-27,'300387,27.1,29.25,27.0,29.25,3827032
510,2016-07-28,'300387,27.5,27.62,27.0,27.22,2217575
511,2016-07-29,'300387,27.83,29.0,27.55,27.55,1699391
512,2016-08-01,'300387,27.67,27.75,26.81,27.75,1616700
513,2016-08-02,'300387,27.9,27.99,27.39,27.41,924500
514,2016-08-03,'300387,28.15,28.39,27.66,27.92,1217087
515,2016-08-04,'300387,28.24,28.29,27.93,28.2,898235
516,2016-08-05,'300387,28.0,28.55,27.97,28.29,985300
517,2016-08-08,'300387,28.56,28.65,27.45,28.0,1348924
518,2016-08-09,'300387,28.95,29.28,28.5,28.68,1666421
519,2016-08-10,'300387,28.98,29.29,28.71,28.89,1128228
520,2016-08-11,'300387,29.25,30.96,29.0,29.03,2705368
521,2016-08-12,'300387,29.0,29.39,28.58,29.29,2037266
522,2016-08-15,'300387,29.73,29.88,28.6,29.07,2267027
523,2016-08-16,'300387,30.09,30.47,29.69,29.97,2397957
524,2016-08-17,'300387,30.23,30.43,29.68,29.99,2048218
525,2016-08-18,'300387,30.27,30.47,30.0,30.22,1576101
526,2016-08-19,'300387,31.24,31.58,30.06,30.4,3319689
527,2016-08-22,'300387,29.82,30.9,29.38,30.88,3516986
528,2016-08-23,'300387,30.0,30.42,29.33,29.94,1508306
529,2016-08-24,'300387,30.03,30.17,29.66,29.89,1501136
530,2016-08-25,'300387,29.78,30.3,29.2,30.0,1233497
531,2016-08-26,'300387,30.27,30.68,29.73,30.0,1897246
532,2016-08-29,'300387,30.46,30.53,30.13,30.31,1387774
533,2016-08-30,'300387,30.31,30.82,30.15,30.5,1093929
534,2016-08-31,'300387,30.15,30.27,29.68,30.18,1428933
535,2016-09-01,'300387,29.65,30.68,29.65,30.22,1586917
536,2016-09-02,'300387,29.5,29.88,29.21,29.88,1794601
537,2016-09-05,'300387,29.39,29.99,29.26,29.6,1704960
538,2016-09-06,'300387,30.16,30.27,29.14,29.49,2082406
539,2016-09-07,'300387,30.19,30.74,30.06,30.22,2338822
540,2016-09-08,'300387,30.88,30.94,30.2,30.37,1861414
541,2016-09-09,'300387,30.38,31.27,30.3,31.27,2010187
542,2016-09-12,'300387,29.23,30.06,29.23,29.75,1769518
543,2016-09-13,'300387,29.73,29.75,29.22,29.52,1033354
544,2016-09-14,'300387,29.74,29.87,29.5,29.87,766238
545,2016-09-19,'300387,30.35,30.5,29.81,29.81,1335664
546,2016-09-20,'300387,30.61,30.74,30.16,30.44,1195970
547,2016-09-21,'300387,30.98,31.15,30.42,30.66,2242094
548,2016-09-22,'300387,31.0,31.26,30.72,30.99,1397249
549,2016-09-23,'300387,31.42,32.96,31.11,31.12,3034493
550,2016-09-26,'300387,30.9,31.99,30.9,31.15,2440571
551,2016-09-27,'300387,31.23,31.27,30.61,30.8,1202243
552,2016-09-28,'300387,30.91,31.46,30.7,31.0,1638640
553,2016-09-29,'300387,31.64,31.66,30.74,30.89,1613179
554,2016-09-30,'300387,31.48,31.82,31.24,31.33,916250
555,2016-10-10,'300387,32.42,32.45,31.38,31.68,2020858
556,2016-10-11,'300387,32.4,32.63,31.91,32.45,1917888
557,2016-10-12,'300387,32.35,32.4,32.05,32.16,1050877
558,2016-10-13,'300387,32.1,32.68,31.72,32.52,2414775
559,2016-10-14,'300387,31.88,32.26,31.54,32.1,1185040
560,2016-10-17,'300387,31.45,32.23,31.31,31.88,1257153
561,2016-10-18,'300387,32.1,32.15,31.32,31.32,1326325
562,2016-10-19,'300387,32.0,32.75,31.81,32.2,1423875
563,2016-10-20,'300387,31.91,32.15,31.8,31.81,865209
564,2016-10-21,'300387,32.3,32.39,31.53,31.78,1490145
565,2016-10-24,'300387,32.39,32.56,32.13,32.38,1407535
566,2016-10-25,'300387,32.9,33.37,32.35,32.44,2283628
567,2016-10-26,'300387,32.5,33.33,31.87,32.86,1691569
568,2016-10-27,'300387,31.7,31.99,31.47,31.8,2477471
569,2016-10-28,'300387,31.5,31.82,31.33,31.65,1353203
570,2016-10-31,'300387,31.55,31.66,31.02,31.24,1020248
571,2016-11-01,'300387,32.25,32.38,31.36,31.62,1544354
572,2016-11-02,'300387,31.91,32.38,31.83,32.1,1069501
573,2016-11-03,'300387,32.05,32.44,31.8,32.0,1346108
574,2016-11-04,'300387,31.59,32.07,31.36,31.9,2548934
575,2016-11-07,'300387,31.61,31.82,31.51,31.62,1176526
576,2016-11-08,'300387,32.19,32.19,31.61,31.75,1652879
577,2016-11-09,'300387,31.6,32.25,31.13,32.19,1932133
578,2016-11-10,'300387,32.33,32.45,31.7,31.84,2953152
579,2016-11-11,'300387,33.45,33.52,32.11,32.29,3653451
580,2016-11-14,'300387,34.17,35.0,33.04,33.1,4263242
581,2016-11-15,'300387,33.91,34.4,33.53,33.71,1721816
582,2016-11-16,'300387,35.8,37.3,33.81,33.81,6031609
583,2016-11-17,'300387,36.08,36.65,35.2,35.5,3400955
584,2016-11-18,'300387,36.08,36.4,35.46,36.05,2800193
585,2016-11-21,'300387,36.18,37.97,35.85,36.01,3537845
586,2016-11-22,'300387,37.18,37.39,35.91,36.6,3524292
587,2016-11-23,'300387,35.86,37.28,35.8,37.25,3034820
588,2016-11-24,'300387,34.96,36.4,34.81,36.16,2890041
589,2016-11-25,'300387,35.3,35.7,34.22,35.05,2823393
590,2016-11-28,'300387,35.05,36.38,35.04,35.3,2901141
591,2016-11-29,'300387,33.8,35.76,33.7,35.4,3204088
592,2016-11-30,'300387,33.91,34.3,33.52,33.81,2646608
593,2016-12-01,'300387,33.61,34.75,33.5,34.17,1915191
594,2016-12-02,'300387,32.22,33.87,32.15,33.66,2465628
595,2016-12-05,'300387,32.25,32.55,31.67,31.93,1494817
596,2016-12-06,'300387,32.14,32.54,32.0,32.45,1161677
597,2016-12-07,'300387,32.67,32.71,31.81,32.09,1487942
598,2016-12-08,'300387,31.86,32.79,31.85,32.65,1709197
599,2016-12-09,'300387,31.58,31.9,31.3,31.68,1785643
600,2016-12-12,'300387,28.74,31.55,28.51,31.41,3006148
601,2016-12-13,'300387,29.83,29.87,28.52,28.64,2198015
602,2016-12-14,'300387,29.8,30.25,29.35,29.6,1754444
603,2016-12-15,'300387,30.19,30.7,29.6,29.82,1277351
604,2016-12-16,'300387,30.6,30.84,30.02,30.3,1066638
605,2016-12-19,'300387,30.51,31.2,30.43,30.6,1123894
606,2016-12-20,'300387,30.62,30.74,30.18,30.3,895291
607,2016-12-21,'300387,30.78,31.08,30.58,30.75,949890
608,2016-12-22,'300387,31.51,31.55,30.7,30.7,1377313
609,2016-12-23,'300387,30.97,31.43,30.6,31.37,1425850
610,2016-12-26,'300387,30.96,31.07,30.01,30.86,1654570
611,2016-12-27,'300387,31.24,31.58,30.67,30.8,1466117
612,2016-12-28,'300387,31.09,31.46,30.9,31.08,942451
613,2016-12-29,'300387,30.9,32.21,30.88,31.11,1018203
614,2016-12-30,'300387,30.7,31.3,30.6,30.76,959950
615,2017-01-03,'300387,31.2,31.26,30.55,30.95,1345869
616,2017-01-04,'300387,31.3,31.34,31.03,31.2,2324700
617,2017-01-05,'300387,30.94,31.5,30.93,31.28,1723993
618,2017-01-06,'300387,30.15,31.18,30.06,30.77,1561202
619,2017-01-09,'300387,30.38,30.57,29.5,30.25,1525915
620,2017-01-10,'300387,30.2,30.5,30.12,30.27,982415
621,2017-01-11,'300387,29.33,30.56,29.33,30.56,1186536
622,2017-01-12,'300387,28.0,29.49,28.0,29.35,2368900
623,2017-01-13,'300387,28.05,28.43,27.53,28.07,1818486
624,2017-01-16,'300387,26.5,28.4,25.34,28.4,2195258
625,2017-01-17,'300387,26.7,27.08,25.59,26.3,1769333
626,2017-01-18,'300387,26.12,26.89,26.01,26.72,915377
627,2017-01-19,'300387,25.91,26.29,25.47,26.01,962990
628,2017-01-20,'300387,26.66,26.9,25.5,25.6,1083082
629,2017-01-23,'300387,26.9,27.25,26.4,26.6,1001778
630,2017-01-24,'300387,26.72,27.2,26.67,26.99,882694
631,2017-01-25,'300387,26.93,27.39,26.6,26.72,876328
632,2017-01-26,'300387,27.37,27.4,26.96,27.12,700259
633,2017-02-03,'300387,26.97,27.48,26.67,27.48,1168020
634,2017-02-06,'300387,27.24,27.46,26.86,26.86,1320694
635,2017-02-07,'300387,27.3,27.48,27.05,27.24,1250312
636,2017-02-08,'300387,27.54,27.54,27.06,27.33,1016943
637,2017-02-09,'300387,27.85,27.99,27.45,27.51,1176956
638,2017-02-10,'300387,27.94,28.14,27.7,27.7,1251954
639,2017-02-13,'300387,28.28,28.46,27.65,27.9,1250199
640,2017-02-14,'300387,28.15,28.46,28.13,28.18,1052018
641,2017-02-15,'300387,28.09,28.69,28.0,28.18,1208984
642,2017-02-16,'300387,28.07,28.27,27.85,27.87,822246
643,2017-02-17,'300387,27.38,28.34,27.35,28.0,1389356
644,2017-02-20,'300387,27.81,27.86,27.26,27.51,1325043
645,2017-02-21,'300387,28.61,29.53,27.91,27.91,2190106
646,2017-02-22,'300387,28.35,28.99,28.23,28.8,1357462
647,2017-02-23,'300387,28.68,28.85,28.15,28.35,1315396
648,2017-02-24,'300387,28.7,28.8,28.5,28.8,1439621
649,2017-02-27,'300387,28.56,28.9,28.5,28.75,1304911
650,2017-02-28,'300387,28.75,28.78,28.6,28.78,1100104
651,2017-03-01,'300387,28.85,29.16,28.75,28.75,1374813
652,2017-03-02,'300387,28.63,29.05,28.38,28.94,1143067
653,2017-03-03,'300387,28.63,28.74,28.25,28.63,1050466
654,2017-03-06,'300387,29.18,29.18,28.36,28.83,1378951
655,2017-03-07,'300387,29.5,29.56,28.94,29.1,1317325
656,2017-03-08,'300387,29.11,29.5,29.02,29.5,1035390
657,2017-03-09,'300387,28.8,29.44,27.53,29.2,1277600
658,2017-03-10,'300387,28.6,29.08,28.57,28.86,1200562
659,2017-03-13,'300387,29.0,29.04,28.44,28.72,1138856
660,2017-03-14,'300387,28.93,29.17,28.83,28.92,895739
661,2017-03-15,'300387,28.97,29.1,28.76,28.92,841661
662,2017-03-16,'300387,29.39,29.48,28.88,29.15,1120532
663,2017-03-17,'300387,29.25,29.74,29.17,29.47,1499313
664,2017-03-20,'300387,29.35,29.46,29.0,29.0,1031189
665,2017-03-21,'300387,29.3,29.44,29.25,29.3,963001
666,2017-03-22,'300387,29.14,29.38,28.78,29.29,1223581
667,2017-03-23,'300387,29.13,29.44,28.72,29.12,1192168
668,2017-03-24,'300387,29.11,29.49,28.68,29.06,1172019
669,2017-03-27,'300387,28.63,29.1,28.52,29.0,1334856
670,2017-03-28,'300387,28.55,28.97,28.5,28.58,851872
671,2017-03-29,'300387,27.34,28.74,27.3,28.74,1884627
672,2017-03-30,'300387,26.34,27.56,26.0,27.39,1741300
673,2017-03-31,'300387,26.65,26.67,26.25,26.5,1028093
674,2017-04-05,'300387,27.6,27.73,26.63,26.8,1189237
675,2017-04-06,'300387,27.08,27.39,26.36,26.83,2614984
676,2017-04-07,'300387,26.41,27.02,26.38,26.85,1549906
677,2017-04-10,'300387,24.78,26.29,24.62,26.29,2472283
678,2017-04-11,'300387,25.05,25.16,24.6,24.78,1225843
679,2017-04-12,'300387,24.61,25.18,24.6,25.12,925798
680,2017-04-13,'300387,25.16,25.29,24.3,24.61,1167883
681,2017-04-14,'300387,24.51,25.1,24.45,25.1,939209
682,2017-04-17,'300387,23.71,24.38,23.56,24.38,1277571
683,2017-04-18,'300387,22.95,23.89,22.88,23.73,1433122
684,2017-04-19,'300387,22.45,23.0,21.9,22.94,1395135
685,2017-04-20,'300387,21.63,22.52,21.24,22.41,1995004
686,2017-04-21,'300387,21.78,22.04,21.55,21.63,1171183
687,2017-04-24,'300387,21.33,21.73,21.29,21.73,1070776
688,2017-04-25,'300387,21.87,21.9,21.35,21.5,723163
689,2017-04-26,'300387,22.24,22.44,21.73,21.73,966343
690,2017-04-27,'300387,22.65,22.9,21.8,22.2,1775809
691,2017-04-28,'300387,22.71,22.87,22.35,22.64,1007175
692,2017-05-02,'300387,22.64,22.9,22.5,22.71,893820
693,2017-05-03,'300387,22.23,22.71,21.96,22.71,1117832
694,2017-05-04,'300387,22.16,22.5,22.01,22.26,773699
695,2017-05-05,'300387,21.5,22.19,21.32,22.17,1077545
696,2017-05-08,'300387,21.09,21.5,20.66,21.41,885865
697,2017-05-09,'300387,22.0,22.3,20.88,21.02,1041705
698,2017-05-10,'300387,21.32,22.22,21.32,21.93,917109
699,2017-05-11,'300387,21.05,21.45,20.16,21.03,910583
700,2017-05-12,'300387,21.08,21.15,20.61,21.15,535325
701,2017-05-15,'300387,21.3,21.43,20.91,21.15,660429
702,2017-05-16,'300387,22.0,22.1,21.07,21.21,1198486
703,2017-05-17,'300387,22.07,22.33,21.91,21.99,895264
704,2017-05-18,'300387,21.84,22.2,21.79,21.81,685225
705,2017-05-19,'300387,21.63,22.05,21.61,21.92,537861
706,2017-05-22,'300387,20.02,21.48,19.9,21.48,1369344
707,2017-05-23,'300387,19.1,20.14,19.03,20.04,1152858
708,2017-05-24,'300387,19.31,19.38,18.51,19.1,808286
709,2017-05-25,'300387,19.51,19.78,18.82,19.36,1230551
710,2017-05-26,'300387,19.47,19.67,19.22,19.42,697039
711,2017-05-31,'300387,19.3,19.78,19.18,19.67,912017
712,2017-06-01,'300387,18.38,19.12,18.25,19.0,1127875
713,2017-06-02,'300387,18.7,18.98,17.8,18.15,1114142
714,2017-06-05,'300387,19.01,19.18,18.65,18.65,775640
715,2017-06-06,'300387,18.88,19.01,18.65,18.92,674041
716,2017-06-07,'300387,19.5,19.69,18.84,18.85,1593393
717,2017-06-08,'300387,19.5,19.86,19.34,19.5,1102200
718,2017-06-09,'300387,19.42,19.51,19.11,19.51,865616
719,2017-06-12,'300387,18.62,19.42,18.5,19.42,1382430
720,2017-06-13,'300387,19.18,19.2,18.42,18.51,916515
721,2017-06-14,'300387,19.27,19.32,19.0,19.19,814734
722,2017-06-15,'300387,19.87,20.15,19.31,19.61,1297928
723,2017-06-16,'300387,19.76,20.07,19.62,19.91,825129
724,2017-06-19,'300387,19.91,19.95,19.5,19.8,833082
725,2017-06-20,'300387,19.95,20.16,19.89,19.89,885881
726,2017-06-21,'300387,19.8,20.12,19.34,19.99,801032
727,2017-06-22,'300387,19.14,19.89,19.11,19.77,1192697
728,2017-06-23,'300387,19.1,19.34,18.54,19.13,1226536
729,2017-06-26,'300387,19.32,19.35,18.76,19.01,862076
730,2017-06-27,'300387,19.34,19.47,19.28,19.32,683548
731,2017-06-28,'300387,19.04,19.34,18.93,19.23,584226
732,2017-06-29,'300387,19.22,19.47,19.01,19.01,576361
733,2017-06-30,'300387,19.8,20.16,19.22,19.22,1898368
734,2017-07-03,'300387,19.85,20.15,19.55,19.79,1103328
735,2017-07-04,'300387,19.66,20.0,19.63,19.87,764102
736,2017-07-05,'300387,20.0,20.0,19.43,19.76,1282728
737,2017-07-06,'300387,19.84,20.2,19.76,19.87,1084100
738,2017-07-07,'300387,20.05,20.12,19.77,19.86,1206248
739,2017-07-10,'300387,19.53,20.05,19.46,20.05,1046217
740,2017-07-11,'300387,19.2,19.66,19.16,19.53,647300
741,2017-07-12,'300387,19.06,19.28,18.62,19.1,703286
742,2017-07-13,'300387,18.89,19.1,18.81,18.96,566100
743,2017-07-14,'300387,18.77,19.03,18.66,18.92,488450
744,2017-07-17,'300387,17.2,18.7,17.1,18.7,1524851
745,2017-07-18,'300387,17.33,17.45,16.9,17.13,849207
746,2017-07-19,'300387,17.29,17.38,17.05,17.35,812574
747,2017-07-20,'300387,17.14,17.59,17.1,17.34,886500
748,2017-07-21,'300387,17.14,17.35,17.08,17.14,656174
749,2017-07-24,'300387,17.03,17.15,16.69,17.14,1194176
750,2017-07-25,'300387,17.66,17.84,16.96,17.08,1529552
751,2017-07-26,'300387,17.73,17.79,17.3,17.53,963856
752,2017-07-27,'300387,18.35,18.57,17.48,17.7,1538405
753,2017-07-28,'300387,18.52,18.65,18.15,18.44,1359132
754,2017-07-31,'300387,18.37,18.46,18.16,18.35,687532
755,2017-08-01,'300387,18.14,18.45,18.01,18.34,655086
756,2017-08-02,'300387,17.79,18.18,17.79,18.18,549900
757,2017-08-03,'300387,19.57,19.57,17.77,17.79,1562284
758,2017-08-04,'300387,19.2,20.47,19.18,20.06,3101184
759,2017-08-07,'300387,19.18,19.78,18.8,19.58,1348141
760,2017-08-08,'300387,19.35,19.49,18.8,19.15,1433351
761,2017-08-09,'300387,19.11,19.34,19.01,19.28,1005099
762,2017-08-10,'300387,19.38,20.95,19.06,19.16,2021520
763,2017-08-11,'300387,19.53,19.96,19.26,19.41,2297364
764,2017-08-14,'300387,19.87,19.95,19.35,19.45,1455293
765,2017-08-15,'300387,19.81,21.45,19.6,20.0,1708995
766,2017-08-16,'300387,19.49,19.79,19.13,19.79,2170317
767,2017-08-17,'300387,19.31,19.48,19.14,19.29,1291750
768,2017-08-18,'300387,19.04,19.38,18.85,19.33,1067573
769,2017-08-21,'300387,19.2,19.33,19.03,19.03,1080279
770,2017-08-22,'300387,19.1,19.25,19.04,19.2,563190
771,2017-08-23,'300387,18.0,18.9,17.95,18.9,2829894
772,2017-08-24,'300387,17.99,18.26,17.81,17.91,1455825
773,2017-08-25,'300387,18.32,18.36,17.94,17.94,1158007
774,2017-08-28,'300387,18.71,18.72,18.38,18.53,1309870
775,2017-08-29,'300387,18.79,18.92,18.63,18.71,1195046
776,2017-08-30,'300387,18.64,18.86,18.62,18.85,822900
777,2017-08-31,'300387,18.76,18.83,18.56,18.63,1018415
778,2017-09-01,'300387,18.99,19.09,18.65,18.76,1280554
779,2017-09-04,'300387,19.36,19.44,18.89,18.92,1687934
780,2017-09-05,'300387,19.1,19.4,18.92,19.36,1580551
781,2017-09-06,'300387,19.19,19.3,18.8,19.11,1246908
782,2017-09-07,'300387,19.07,19.3,19.06,19.16,1338499
783,2017-09-08,'300387,19.06,19.23,18.95,19.04,971953
784,2017-09-11,'300387,19.4,19.4,19.08,19.08,1355642
785,2017-09-12,'300387,19.0,19.54,19.0,19.45,1255100
786,2017-09-13,'300387,19.2,19.21,18.85,18.96,871038
787,2017-09-14,'300387,19.07,19.33,19.0,19.11,886291
788,2017-09-15,'300387,18.61,18.9,18.47,18.9,1425771
789,2017-09-18,'300387,18.67,18.8,18.33,18.53,1080898
790,2017-09-19,'300387,18.7,18.9,18.61,18.74,788910
791,2017-09-20,'300387,19.05,19.08,18.7,18.7,1095150
792,2017-09-21,'300387,18.85,19.2,18.85,19.09,845251
793,2017-09-22,'300387,19.63,19.82,18.72,18.88,3083150
794,2017-09-25,'300387,19.33,19.62,19.11,19.42,1835599
795,2017-09-26,'300387,19.15,19.43,18.88,19.17,1538786
796,2017-09-27,'300387,19.29,19.4,19.07,19.14,1323528
797,2017-09-28,'300387,19.18,19.47,19.17,19.29,1331798
798,2017-09-29,'300387,19.19,19.4,19.01,19.17,1730480
799,2017-10-09,'300387,19.54,19.55,19.22,19.3,1964713
800,2017-10-10,'300387,19.88,19.99,19.45,19.75,3136653
801,2017-10-11,'300387,20.58,20.67,19.72,19.72,4401929
802,2017-10-12,'300387,20.21,20.49,19.96,20.4,2312791
803,2017-10-13,'300387,20.4,20.57,20.03,20.18,1730130
804,2017-10-16,'300387,19.19,20.31,19.13,20.3,2346760
805,2017-10-17,'300387,19.22,19.44,19.13,19.13,1066117
806,2017-10-18,'300387,18.85,19.39,18.75,19.23,1483517
807,2017-10-19,'300387,18.36,18.94,18.35,18.8,1435600
808,2017-10-20,'300387,18.8,18.83,18.33,18.38,1052400
809,2017-10-23,'300387,19.08,19.2,18.8,18.9,919703
810,2017-10-24,'300387,18.8,19.14,18.7,19.01,791070
811,2017-10-25,'300387,19.18,19.21,18.78,18.79,899479
812,2017-10-26,'300387,19.27,19.3,18.99,19.18,864062
813,2017-10-27,'300387,19.12,19.36,18.93,19.18,951365
814,2017-10-30,'300387,18.18,19.04,18.08,18.81,1385350
815,2017-10-31,'300387,18.4,18.47,18.15,18.18,472881
816,2017-11-01,'300387,18.36,18.55,18.33,18.4,595578
817,2017-11-02,'300387,18.02,18.46,18.0,18.36,866900
818,2017-11-03,'300387,17.67,18.03,17.49,18.03,929178
819,2017-11-06,'300387,17.98,18.04,17.51,17.6,652857
820,2017-11-07,'300387,18.16,18.2,17.8,18.0,740136
821,2017-11-08,'300387,18.24,18.33,18.1,18.25,609914
822,2017-11-09,'300387,18.39,18.45,18.22,18.35,701347
823,2017-11-10,'300387,18.29,18.51,18.28,18.45,734467
824,2017-11-13,'300387,18.17,18.45,18.16,18.31,854900
825,2017-11-14,'300387,18.48,19.47,18.2,18.2,1311020
826,2017-11-15,'300387,18.17,18.39,17.95,18.39,822748
827,2017-11-16,'300387,17.81,18.22,17.81,18.2,795200
828,2017-11-17,'300387,16.94,17.81,16.81,17.8,1007545
829,2017-11-20,'300387,17.0,17.08,16.34,16.92,1042000
830,2017-11-21,'300387,16.9,17.08,16.62,17.0,667450
831,2017-11-22,'300387,16.77,17.08,16.7,17.0,681200
832,2017-11-23,'300387,16.68,17.0,16.68,16.98,892367
833,2017-11-24,'300387,16.88,16.98,16.63,16.71,472296
834,2017-11-27,'300387,16.8,17.07,16.63,16.88,536200
835,2017-11-28,'300387,17.32,17.52,16.76,16.79,780585
836,2017-11-29,'300387,17.25,17.31,17.01,17.28,668189
837,2017-11-30,'300387,17.2,17.5,17.07,17.25,749891
838,2017-12-01,'300387,17.55,17.58,17.2,17.22,984482
839,2017-12-04,'300387,17.0,17.55,16.9,17.55,807100
840,2017-12-05,'300387,16.53,17.11,16.34,16.99,869604
841,2017-12-06,'300387,16.89,16.89,16.41,16.42,606804
842,2017-12-07,'300387,16.61,16.86,16.58,16.85,356800
843,2017-12-08,'300387,16.79,16.85,16.52,16.58,367400
844,2017-12-11,'300387,16.97,17.07,16.79,16.85,526600
845,2017-12-12,'300387,16.63,16.99,16.62,16.97,361800
846,2017-12-13,'300387,16.73,16.74,16.57,16.62,538600
847,2017-12-14,'300387,16.62,16.78,16.45,16.71,578617
848,2017-12-15,'300387,16.71,16.75,16.54,16.62,589359
849,2017-12-18,'300387,16.52,16.69,16.42,16.56,446300
850,2017-12-19,'300387,16.68,16.99,16.45,16.47,749146
851,2017-12-20,'300387,16.18,16.68,16.14,16.62,1010135
852,2017-12-21,'300387,15.86,16.25,15.7,16.18,984474
853,2017-12-22,'300387,16.24,16.4,15.77,15.9,1227602
854,2017-12-25,'300387,15.87,16.16,15.78,16.01,962802
855,2017-12-26,'300387,16.21,16.26,15.91,15.98,839602
856,2017-12-27,'300387,16.11,16.26,16.09,16.21,1083200
857,2017-12-28,'300387,16.29,16.36,16.12,16.12,790600
858,2017-12-29,'300387,16.32,16.42,16.23,16.29,660992
859,2018-01-02,'300387,16.32,16.41,16.25,16.38,819600
860,2018-01-03,'300387,16.41,16.42,16.25,16.36,1024180
861,2018-01-04,'300387,16.38,16.45,16.29,16.41,712100
862,2018-01-05,'300387,16.39,16.45,16.26,16.38,691500
863,2018-01-08,'300387,16.34,16.41,16.14,16.4,661492
864,2018-01-09,'300387,17.97,17.97,17.97,17.97,2127572
865,2018-01-10,'300387,18.5,19.4,17.9,18.26,9244329
866,2018-01-11,'300387,18.25,18.45,17.8,18.13,4576019
867,2018-01-12,'300387,17.48,18.25,17.37,18.2,4280792
868,2018-01-15,'300387,16.56,17.35,16.48,17.28,3194655
869,2018-01-16,'300387,16.95,17.17,16.56,16.7,2498384
870,2018-01-17,'300387,17.71,18.18,16.48,16.92,4804517
871,2018-01-18,'300387,17.39,17.77,16.95,17.5,2932158
872,2018-01-19,'300387,17.69,18.07,17.34,17.34,3196501
873,2018-01-22,'300387,17.58,19.0,17.22,17.76,2384380
874,2018-01-23,'300387,17.32,17.72,17.12,17.5,2335002
875,2018-01-24,'300387,17.41,17.47,17.12,17.28,1983226
876,2018-01-25,'300387,17.12,17.46,17.12,17.3,1755800
877,2018-01-26,'300387,16.79,17.14,16.75,17.0,1497671
878,2018-01-29,'300387,16.54,16.87,16.49,16.79,1121691
879,2018-01-30,'300387,16.73,16.75,16.39,16.53,1033571
880,2018-01-31,'300387,16.0,16.67,16.0,16.67,1559112
881,2018-02-01,'300387,15.54,16.11,15.4,16.0,1466162
882,2018-02-02,'300387,15.34,15.69,15.27,15.67,965562
883,2018-02-05,'300387,14.92,15.22,14.73,14.99,839500
884,2018-02-06,'300387,13.83,14.65,13.83,14.51,1319399
885,2018-02-07,'300387,14.19,14.36,13.79,14.28,1079842
886,2018-02-08,'300387,14.49,14.76,14.17,14.17,998300
887,2018-02-09,'300387,14.04,14.45,13.92,14.06,874123
888,2018-02-12,'300387,15.0,15.28,14.06,14.06,1655051
889,2018-02-13,'300387,14.88,15.08,14.71,15.0,874300
890,2018-02-14,'300387,14.75,14.96,14.53,14.88,446680
891,2018-02-22,'300387,15.0,15.06,14.83,14.89,619900
892,2018-02-23,'300387,14.91,15.0,14.82,14.87,354400
893,2018-02-26,'300387,15.32,15.32,14.95,14.95,1229638
894,2018-02-27,'300387,15.4,15.7,15.22,15.27,924942
895,2018-02-28,'300387,15.2,15.29,15.02,15.29,747500
896,2018-03-01,'300387,15.43,15.45,15.11,15.14,862182
897,2018-03-02,'300387,15.17,15.46,15.12,15.3,739700
898,2018-03-05,'300387,15.3,15.32,15.15,15.16,405502
899,2018-03-06,'300387,15.39,15.49,15.27,15.32,1112600
900,2018-03-07,'300387,15.7,16.15,15.27,15.27,2160277
901,2018-03-08,'300387,15.84,15.9,15.51,15.6,1197298
902,2018-03-09,'300387,16.19,16.22,15.72,15.8,1717500
903,2018-03-12,'300387,16.25,16.59,16.19,16.2,1718360
904,2018-03-13,'300387,15.93,16.25,15.93,16.24,1321900
905,2018-03-14,'300387,15.94,16.07,15.82,15.94,1253422
906,2018-03-15,'300387,15.76,16.15,15.39,16.15,1121963
907,2018-03-16,'300387,15.76,15.91,15.7,15.71,698500
908,2018-03-19,'300387,15.9,15.97,15.54,15.71,551114
909,2018-03-20,'300387,16.1,16.14,15.61,15.73,917686
910,2018-03-21,'300387,15.83,16.27,15.8,16.08,1079752
911,2018-03-22,'300387,15.86,16.05,15.7,15.7,549602
912,2018-03-23,'300387,14.68,15.58,14.41,15.58,1438223
913,2018-03-26,'300387,14.9,14.96,14.18,14.52,740663
914,2018-03-27,'300387,15.32,15.38,14.95,15.06,813500
915,2018-03-28,'300387,15.38,15.45,15.03,15.15,839499
916,2018-03-29,'300387,15.57,15.65,15.34,15.36,718700
917,2018-03-30,'300387,15.9,16.0,15.55,15.6,1198771
918,2018-04-02,'300387,15.8,16.0,15.75,15.9,939012
919,2018-04-03,'300387,15.73,15.74,15.46,15.51,837921
920,2018-04-04,'300387,15.83,16.13,15.75,15.77,1052879
921,2018-04-09,'300387,15.75,15.86,15.51,15.61,807629
922,2018-04-10,'300387,16.02,16.23,15.8,15.82,1796220
923,2018-04-11,'300387,16.4,16.58,16.05,16.06,2215036
924,2018-04-12,'300387,16.27,16.55,16.2,16.38,1295937
925,2018-04-13,'300387,16.19,16.4,16.02,16.23,863010
926,2018-04-16,'300387,15.95,16.24,15.84,16.18,678200
927,2018-04-17,'300387,15.4,16.11,15.39,16.06,901284
928,2018-04-18,'300387,15.77,15.79,15.14,15.57,935178
929,2018-04-19,'300387,15.95,16.01,15.68,15.77,768338
930,2018-04-20,'300387,15.66,16.2,15.6,15.9,1021222
931,2018-04-23,'300387,15.7,16.06,15.55,15.84,965292
932,2018-04-24,'300387,16.75,17.2,15.62,15.62,3576852
933,2018-04-25,'300387,16.78,16.8,16.47,16.61,2003377
934,2018-04-26,'300387,16.44,16.71,16.36,16.71,1338334
935,2018-04-27,'300387,16.61,16.63,16.24,16.55,1231361
936,2018-05-02,'300387,16.81,17.1,16.47,16.47,1809793
937,2018-05-03,'300387,16.81,16.92,16.24,16.84,1495153
938,2018-05-04,'300387,17.29,17.3,16.62,16.79,2244319
939,2018-05-07,'300387,17.41,17.49,17.06,17.35,2149882
940,2018-05-08,'300387,17.22,17.48,17.2,17.42,1117554
941,2018-05-09,'300387,17.24,17.34,16.93,17.29,1848214
942,2018-05-10,'300387,17.28,17.46,17.13,17.19,1912944
943,2018-05-11,'300387,16.89,17.3,16.89,17.26,1398690
944,2018-05-14,'300387,16.88,17.17,16.8,16.89,911100
945,2018-05-15,'300387,17.17,17.2,16.88,16.88,875377
946,2018-05-16,'300387,17.19,17.31,16.91,17.1,1074659
947,2018-05-17,'300387,17.22,17.43,17.07,17.11,1126900
948,2018-05-18,'300387,17.27,17.39,17.05,17.23,1190304
949,2018-05-21,'300387,17.38,17.54,17.1,17.27,1580483
950,2018-05-22,'300387,17.45,17.65,17.34,17.53,2373637
951,2018-05-23,'300387,17.56,17.59,17.13,17.45,2154802
952,2018-05-24,'300387,17.2,17.55,17.16,17.46,1391042
953,2018-05-25,'300387,16.93,17.26,16.73,17.2,2397908
954,2018-05-28,'300387,9.0,9.53,8.94,9.4,2642401
955,2018-05-29,'300387,8.92,9.13,8.86,8.98,1260065
956,2018-05-30,'300387,8.31,8.9,8.26,8.68,2159739
957,2018-05-31,'300387,8.53,8.7,8.32,8.35,1434848
958,2018-06-01,'300387,8.55,8.77,8.29,8.65,2068254
959,2018-06-04,'300387,8.59,8.75,8.52,8.75,2232709
960,2018-06-05,'300387,8.65,8.79,8.47,8.57,2243620
961,2018-06-06,'300387,8.7,8.81,8.59,8.66,2207113
962,2018-06-07,'300387,8.79,8.79,8.5,8.73,2102635
963,2018-06-08,'300387,8.64,8.7,8.42,8.68,1965220
964,2018-06-11,'300387,8.43,8.64,8.35,8.64,898295
965,2018-06-12,'300387,8.58,8.65,8.31,8.4,1524211
966,2018-06-13,'300387,8.66,8.77,8.48,8.55,1975234
967,2018-06-14,'300387,8.51,8.73,8.46,8.69,1362287
968,2018-06-15,'300387,7.66,8.46,7.66,8.46,5423495
969,2018-06-19,'300387,7.25,7.66,7.0,7.38,3774236
970,2018-06-20,'300387,7.33,7.46,7.14,7.37,3677459
971,2018-06-21,'300387,0.0,0.0,0.0,0.0,0
972,2018-06-22,'300387,0.0,0.0,0.0,0.0,0
973,2018-06-25,'300387,0.0,0.0,0.0,0.0,0
974,2018-06-26,'300387,0.0,0.0,0.0,0.0,0
975,2018-06-27,'300387,0.0,0.0,0.0,0.0,0
976,2018-06-28,'300387,0.0,0.0,0.0,0.0,0
977,2018-06-29,'300387,6.63,6.84,6.22,6.43,4137616
978,2018-07-02,'300387,6.53,6.63,6.47,6.59,1530818
979,2018-07-03,'300387,6.77,6.99,6.48,6.52,3449760
980,2018-07-04,'300387,6.65,6.78,6.55,6.71,1510073
981,2018-07-05,'300387,6.45,6.81,6.45,6.64,2756863
982,2018-07-06,'300387,6.54,6.61,6.33,6.51,1318072
983,2018-07-09,'300387,6.62,6.65,6.46,6.58,1117680
984,2018-07-10,'300387,6.64,6.67,6.53,6.6,1321120
985,2018-07-11,'300387,6.45,6.65,6.28,6.65,1475253
986,2018-07-12,'300387,6.58,6.63,6.4,6.4,1442708
987,2018-07-13,'300387,6.53,6.59,6.51,6.59,1223040
988,2018-07-16,'300387,6.54,6.6,6.5,6.55,790372
989,2018-07-17,'300387,6.57,6.6,6.46,6.55,1036052
990,2018-07-18,'300387,6.52,6.64,6.5,6.55,1174640
991,2018-07-19,'300387,6.41,6.53,6.38,6.5,1113138
992,2018-07-20,'300387,6.55,6.63,6.39,6.41,2818896
993,2018-07-23,'300387,6.61,6.66,6.4,6.5,1957446
994,2018-07-24,'300387,6.8,6.93,6.58,6.58,3011808
995,2018-07-25,'300387,6.73,6.85,6.69,6.8,1426430
996,2018-07-26,'300387,6.8,6.83,6.68,6.73,1749948
997,2018-07-27,'300387,6.78,6.94,6.74,6.8,2670418
998,2018-07-30,'300387,7.01,7.25,6.74,6.8,5924737
999,2018-07-31,'300387,6.97,7.04,6.87,7.04,2223526
1000,2018-08-01,'300387,6.75,7.16,6.7,7.05,2478578
1001,2018-08-02,'300387,6.52,6.72,6.36,6.72,2068634
1002,2018-08-03,'300387,6.52,6.62,6.44,6.53,833194
1003,2018-08-06,'300387,6.4,6.57,6.25,6.5,1065158
1004,2018-08-07,'300387,6.56,6.62,6.35,6.45,1849567
1005,2018-08-08,'300387,6.53,6.7,6.4,6.56,1473369
1006,2018-08-09,'300387,6.7,6.76,6.42,6.49,2890800
1007,2018-08-10,'300387,6.73,6.79,6.63,6.68,1222026
1008,2018-08-13,'300387,6.68,6.75,6.52,6.67,1184567
1009,2018-08-14,'300387,6.73,6.77,6.62,6.66,1015306
1010,2018-08-15,'300387,6.54,6.7,6.52,6.7,941028
1011,2018-08-16,'300387,6.52,6.75,6.39,6.5,2990473
1012,2018-08-17,'300387,6.28,6.57,6.25,6.53,2021714
1013,2018-08-20,'300387,6.19,6.34,6.03,6.25,1248796
1014,2018-08-21,'300387,6.24,6.29,6.19,6.2,1047890
1015,2018-08-22,'300387,6.17,6.26,6.14,6.24,830338
1016,2018-08-23,'300387,6.2,6.25,6.12,6.2,846157
1017,2018-08-24,'300387,6.14,6.22,6.14,6.2,688090
1018,2018-08-27,'300387,6.27,6.32,6.1,6.11,1349897
1019,2018-08-28,'300387,6.32,6.38,6.27,6.27,1532933
1020,2018-08-29,'300387,6.3,6.45,6.25,6.29,2223490
1021,2018-08-30,'300387,6.18,6.43,6.18,6.43,1730401
1022,2018-08-31,'300387,6.09,6.19,6.08,6.19,755730
1023,2018-09-03,'300387,6.04,6.12,5.96,6.12,922277
1024,2018-09-04,'300387,6.14,6.2,6.07,6.08,1772071
1025,2018-09-05,'300387,6.04,6.19,6.04,6.1,807929
1026,2018-09-06,'300387,6.04,6.14,6.0,6.06,927817
1027,2018-09-07,'300387,6.08,6.6,6.02,6.5,1859459
1028,2018-09-10,'300387,6.07,6.09,5.85,6.09,1223793
1029,2018-09-11,'300387,5.99,6.08,5.95,5.97,770185
1030,2018-09-12,'300387,6.09,6.25,5.97,5.99,1417232
1031,2018-09-13,'300387,6.08,6.14,6.03,6.12,691131
1032,2018-09-14,'300387,6.04,6.1,6.04,6.09,535270
1033,2018-09-17,'300387,5.97,6.04,5.87,6.01,735235
1034,2018-09-18,'300387,6.15,6.18,5.91,5.92,994451
1035,2018-09-19,'300387,6.18,6.22,6.07,6.08,1100356
1036,2018-09-20,'300387,6.26,6.3,6.11,6.11,1149975
1037,2018-09-21,'300387,6.25,6.37,6.19,6.24,1388961
1038,2018-09-25,'300387,6.3,6.35,6.18,6.23,1773172
1039,2018-09-26,'300387,6.26,6.33,6.26,6.31,684948
1040,2018-09-27,'300387,6.15,6.34,6.15,6.34,912975
1041,2018-09-28,'300387,6.25,6.26,6.14,6.15,810099
1042,2018-10-08,'300387,5.96,6.22,5.93,6.22,1153837
1043,2018-10-09,'300387,5.98,6.07,5.96,5.96,748795
1044,2018-10-10,'300387,6.01,6.06,5.97,5.98,552294
1045,2018-10-11,'300387,5.41,5.89,5.41,5.89,1904722
1046,2018-10-12,'300387,5.24,5.46,5.05,5.41,1275445
1047,2018-10-15,'300387,5.23,5.36,5.2,5.28,516178
1048,2018-10-16,'300387,5.38,5.75,5.2,5.2,4584952
1049,2018-10-17,'300387,5.42,5.46,5.1,5.38,4880337
1050,2018-10-18,'300387,5.23,5.36,5.22,5.3,1738821
1051,2018-10-19,'300387,5.44,5.6,5.1,5.22,2837967
1052,2018-10-22,'300387,5.7,5.92,5.44,5.44,3167597
1053,2018-10-23,'300387,5.56,5.85,5.5,5.67,1579944
1054,2018-10-24,'300387,5.75,5.9,5.56,5.56,2509584
1055,2018-10-25,'300387,5.81,5.85,5.47,5.59,1925067
1056,2018-10-26,'300387,5.86,5.93,5.73,5.81,2364597
1057,2018-10-29,'300387,5.8,5.82,5.62,5.82,1209829
1058,2018-10-30,'300387,5.86,5.93,5.67,5.7,1971831
1059,2018-10-31,'300387,5.94,6.05,5.85,5.9,3276076
1060,2018-11-01,'300387,5.84,6.1,5.83,5.99,2776225
1061,2018-11-02,'300387,5.94,5.97,5.85,5.96,2276111
1062,2018-11-05,'300387,5.95,6.15,5.82,5.94,3091429
1063,2018-11-06,'300387,5.98,6.0,5.81,5.92,1543392
1064,2018-11-07,'300387,5.89,6.04,5.87,5.95,1783724
1065,2018-11-08,'300387,5.82,5.96,5.82,5.96,1328192
1066,2018-11-09,'300387,5.85,5.89,5.75,5.78,965475
1067,2018-11-12,'300387,6.0,6.12,5.83,5.86,3031117
1068,2018-11-13,'300387,6.09,6.25,5.92,5.96,6069936
1069,2018-11-14,'300387,6.11,6.27,6.04,6.08,4880038
1070,2018-11-15,'300387,6.19,6.22,6.1,6.16,3194605
1071,2018-11-16,'300387,6.27,6.4,6.17,6.21,4517595
1072,2018-11-19,'300387,6.27,6.28,6.16,6.22,2195525
1073,2018-11-20,'300387,6.11,6.27,6.1,6.22,2367101
1074,2018-11-21,'300387,6.26,6.28,6.0,6.04,3438341
1075,2018-11-22,'300387,6.23,6.34,6.16,6.3,4339519
1076,2018-11-23,'300387,5.93,6.29,5.89,6.21,4115575
1077,2018-11-26,'300387,5.84,6.05,5.8,5.88,1657044
1078,2018-11-27,'300387,5.88,5.93,5.81,5.86,2234720
1079,2018-11-28,'300387,5.99,6.02,5.81,5.85,2598673
1080,2018-11-29,'300387,5.78,6.02,5.76,5.99,2019020
1081,2018-11-30,'300387,5.85,5.87,5.67,5.79,1301072
1082,2018-12-03,'300387,6.04,6.13,5.92,5.98,4358138
1083,2018-12-04,'300387,6.12,6.13,5.97,6.03,2155025
1084,2018-12-05,'300387,6.05,6.13,5.98,6.03,1886477
1085,2018-12-06,'300387,6.01,6.1,5.99,6.1,1950539
1086,2018-12-07,'300387,6.02,6.07,5.95,6.0,1319356
1087,2018-12-10,'300387,5.96,6.03,5.87,5.95,1310009
1088,2018-12-11,'300387,6.0,6.03,5.92,5.93,1006970
1089,2018-12-12,'300387,6.12,6.13,5.93,5.96,3270605
1090,2018-12-13,'300387,6.1,6.13,6.04,6.12,2361016
1091,2018-12-14,'300387,5.95,6.15,5.9,6.11,1938709
1092,2018-12-17,'300387,5.9,5.96,5.82,5.92,1108884
1093,2018-12-18,'300387,5.88,5.96,5.8,5.91,1081308
1094,2018-12-19,'300387,5.83,5.93,5.81,5.88,1166695
1095,2018-12-20,'300387,5.96,6.09,5.81,5.85,2940425
1096,2018-12-21,'300387,5.9,5.98,5.83,5.93,1234400
1097,2018-12-24,'300387,5.99,6.02,5.85,5.9,1457964
1098,2018-12-25,'300387,5.89,5.97,5.71,5.91,1918046
1099,2018-12-26,'300387,5.82,5.95,5.81,5.91,950130
1100,2018-12-27,'300387,5.68,5.94,5.64,5.92,1487175
1101,2018-12-28,'300387,5.63,5.75,5.63,5.68,886241
1102,2019-01-02,'300387,5.65,5.68,5.58,5.67,1097827
1103,2019-01-03,'300387,5.68,5.71,5.61,5.64,831672
1104,2019-01-04,'300387,5.78,5.8,5.59,5.63,1872909
1105,2019-01-07,'300387,5.9,5.9,5.79,5.79,1485877
1106,2019-01-08,'300387,5.89,5.94,5.85,5.9,1292399
1107,2019-01-09,'300387,5.89,5.97,5.85,5.86,1612977
1108,2019-01-10,'300387,5.85,5.95,5.83,5.89,1244702
1109,2019-01-11,'300387,5.9,5.92,5.84,5.85,1401631
1110,2019-01-14,'300387,5.95,5.95,5.85,5.91,1908474
1111,2019-01-15,'300387,5.98,6.0,5.88,5.92,1808289
1112,2019-01-16,'300387,6.01,6.12,5.96,5.98,2474306
1113,2019-01-17,'300387,5.94,6.06,5.92,6.0,1476231
1114,2019-01-18,'300387,6.01,6.02,5.93,5.97,1151953
1115,2019-01-21,'300387,6.13,6.15,5.93,5.99,2888520
1116,2019-01-22,'300387,6.21,6.28,6.06,6.11,5721126
1117,2019-01-23,'300387,6.41,6.8,6.15,6.15,9202436
1118,2019-01-24,'300387,6.73,6.76,6.34,6.35,13615200
1119,2019-01-25,'300387,6.21,6.63,6.17,6.59,9803262
1120,2019-01-28,'300387,6.01,6.25,6.0,6.15,4889603
1121,2019-01-29,'300387,5.71,6.02,5.58,5.99,4043133
1122,2019-01-30,'300387,5.63,5.75,5.63,5.65,1809750
1123,2019-01-31,'300387,5.48,5.69,5.44,5.65,1990403
1124,2019-02-01,'300387,5.65,5.68,5.49,5.49,1447543
1125,2019-02-11,'300387,5.77,5.78,5.62,5.66,1637440
1126,2019-02-12,'300387,5.85,5.91,5.75,5.8,2634932
1127,2019-02-13,'300387,5.98,6.05,5.82,5.88,3226740
1128,2019-02-14,'300387,6.0,6.02,5.95,5.96,2213635
1129,2019-02-15,'300387,5.97,6.05,5.91,5.98,2110294
1130,2019-02-18,'300387,6.42,6.5,5.99,6.0,7193151
1131,2019-02-19,'300387,6.52,6.58,6.28,6.39,7408081
1132,2019-02-20,'300387,7.17,7.17,6.22,6.52,10560268
1133,2019-02-21,'300387,6.79,7.35,6.78,7.09,14798067
1134,2019-02-22,'300387,6.66,6.72,6.35,6.44,11021080
1135,2019-02-25,'300387,6.85,6.92,6.51,6.6,13167453
1136,2019-02-26,'300387,6.67,6.83,6.65,6.81,9309920
1137,2019-02-27,'300387,6.58,6.72,6.5,6.67,4978114
1138,2019-02-28,'300387,6.78,6.78,6.56,6.6,5488515
1139,2019-03-01,'300387,6.73,6.86,6.7,6.75,3860189
1140,2019-03-04,'300387,6.77,6.86,6.68,6.69,6778188
1141,2019-03-05,'300387,6.88,6.88,6.72,6.77,5188715
1142,2019-03-06,'300387,7.21,7.32,6.88,6.88,12649716
1143,2019-03-07,'300387,7.18,7.27,7.1,7.13,8341015
1144,2019-03-08,'300387,6.66,7.11,6.63,7.11,7409183
1145,2019-03-11,'300387,6.99,6.99,6.65,6.68,7113215
1146,2019-03-12,'300387,7.47,7.69,7.01,7.01,16089014
1147,2019-03-13,'300387,7.49,8.04,7.26,7.36,11692340
1148,2019-03-14,'300387,7.17,7.47,6.93,7.31,5722262
1149,2019-03-15,'300387,7.43,7.55,7.21,7.22,5849085
1150,2019-03-18,'300387,7.63,7.65,7.44,7.44,4920912
1151,2019-03-19,'300387,7.6,7.65,7.42,7.64,4886308
1152,2019-03-20,'300387,7.48,7.58,7.37,7.58,3226128
1153,2019-03-21,'300387,7.49,7.53,7.37,7.46,3410284
1154,2019-03-22,'300387,7.55,7.55,7.28,7.49,3670244
1155,2019-03-25,'300387,7.35,7.5,7.35,7.45,3043466
1156,2019-03-26,'300387,7.25,7.5,7.04,7.38,6558989
1157,2019-03-27,'300387,7.3,7.34,7.11,7.34,2505364
1158,2019-03-28,'300387,7.33,7.55,7.22,7.28,4754562
1159,2019-03-29,'300387,7.52,7.55,7.26,7.37,3775380
1160,2019-04-01,'300387,7.69,7.83,7.52,7.53,4259156
1161,2019-04-02,'300387,7.98,8.26,7.68,7.7,7431654
1162,2019-04-03,'300387,8.12,8.18,7.77,7.9,5243851
1163,2019-04-04,'300387,8.62,8.75,8.1,8.19,8936110
1164,2019-04-08,'300387,8.63,9.03,8.48,8.87,8166263
1165,2019-04-09,'300387,8.77,8.8,8.41,8.57,4996554
1166,2019-04-10,'300387,8.79,8.99,8.58,8.62,5132660
1167,2019-04-11,'300387,8.73,9.05,8.71,8.82,5030732
1168,2019-04-12,'300387,8.72,8.8,8.58,8.65,5265487
1169,2019-04-15,'300387,8.72,9.05,8.71,8.97,4614595
1170,2019-04-16,'300387,9.0,9.04,8.61,8.8,4301157
1171,2019-04-17,'300387,9.5,9.55,8.98,9.05,6604976
1172,2019-04-18,'300387,9.84,9.84,9.35,9.53,6709434
1173,2019-04-19,'300387,9.7,9.75,9.56,9.62,5594160
1174,2019-04-22,'300387,9.0,9.99,8.73,9.81,11885867
1175,2019-04-23,'300387,9.49,9.88,9.0,9.0,10644491
1176,2019-04-24,'300387,9.11,9.59,8.96,9.35,7773512
1177,2019-04-25,'300387,9.11,9.72,9.09,9.27,8466579
1178,2019-04-26,'300387,9.23,9.6,8.91,9.22,5554994
1179,2019-04-29,'300387,9.16,9.4,9.02,9.27,3386938
1180,2019-04-30,'300387,9.15,9.34,9.08,9.22,3062762
1181,2019-05-06,'300387,8.69,9.16,8.42,8.95,5806540
1182,2019-05-07,'300387,8.73,8.82,8.52,8.69,2347795
1183,2019-05-08,'300387,9.28,9.49,8.44,8.55,6528389
1184,2019-05-09,'300387,8.91,9.45,8.87,9.28,3958323
1185,2019-05-10,'300387,9.13,9.29,8.81,8.87,3444066
1186,2019-05-13,'300387,9.3,9.4,9.03,9.03,3365693
1187,2019-05-14,'300387,10.0,10.18,9.13,9.2,9582029
1188,2019-05-15,'300387,10.73,10.96,9.85,9.94,8311222
1189,2019-05-16,'300387,10.97,11.1,10.43,10.66,6211412
1190,2019-05-17,'300387,10.7,11.88,10.36,11.48,9121140
1191,2019-05-20,'300387,10.04,10.88,9.8,10.7,5081974
1192,2019-05-21,'300387,9.8,10.46,9.6,10.15,8609126
1193,2019-05-22,'300387,10.24,10.36,9.01,9.51,11698801
1194,2019-05-23,'300387,10.17,10.56,9.92,10.19,4919230
1195,2019-05-24,'300387,10.01,10.29,9.82,9.95,2579178
1196,2019-05-27,'300387,10.65,10.78,9.81,10.01,4934382
1197,2019-05-28,'300387,10.8,10.85,10.52,10.73,3244171
1198,2019-05-29,'300387,10.86,10.99,10.61,10.79,3311936
1199,2019-05-30,'300387,10.99,11.23,10.69,10.88,4314529
1200,2019-05-31,'300387,11.35,11.48,10.9,11.0,4086962
1201,2019-06-03,'300387,11.74,11.9,11.28,11.35,4802853
1202,2019-06-04,'300387,11.24,11.85,11.01,11.85,6043659
1203,2019-06-05,'300387,11.25,11.65,11.07,11.39,2877444
1204,2019-06-06,'300387,11.17,11.22,10.7,11.13,2617454
1205,2019-06-10,'300387,11.1,11.4,10.88,11.17,3242173
1206,2019-06-11,'300387,10.88,11.4,10.88,11.1,4863395
1207,2019-06-12,'300387,10.7,10.89,10.6,10.64,2598336
1208,2019-06-13,'300387,10.48,10.74,10.25,10.68,3585385
1209,2019-06-14,'300387,10.1,10.67,9.9,10.64,3462561
1210,2019-06-17,'300387,10.15,10.24,9.97,10.16,2841208
1211,2019-06-18,'300387,9.86,10.15,9.81,10.14,3654617
1212,2019-06-19,'300387,9.97,10.17,9.91,10.12,2766766
1213,2019-06-20,'300387,9.97,10.2,9.68,10.0,4070632
1214,2019-06-21,'300387,10.41,10.65,9.96,10.1,9211632
1215,2019-06-24,'300387,10.06,10.49,10.01,10.42,5319055
1216,2019-06-25,'300387,10.0,10.16,9.83,10.03,2996104
1217,2019-06-26,'300387,9.9,10.06,9.86,9.9,2803174
1218,2019-06-27,'300387,10.0,10.06,9.84,9.94,2943798
1219,2019-06-28,'300387,9.89,10.1,9.87,9.99,2305024
1220,2019-07-01,'300387,10.0,10.13,9.94,10.0,2911819
1221,2019-07-02,'300387,10.2,10.28,9.99,10.1,6748760
1222,2019-07-03,'300387,10.08,10.26,10.0,10.2,1947862
1223,2019-07-04,'300387,10.12,10.29,10.03,10.03,2164536
1224,2019-07-05,'300387,10.1,10.23,10.03,10.16,1291399
1225,2019-07-08,'300387,10.0,10.23,9.9,10.23,2301921
1226,2019-07-09,'300387,10.22,10.22,9.95,10.08,2577367
1227,2019-07-10,'300387,10.15,10.3,10.04,10.3,2023092
1228,2019-07-11,'300387,10.1,10.42,9.9,10.42,2140650
1229,2019-07-12,'300387,10.11,10.16,9.93,10.05,3296220
1230,2019-07-15,'300387,11.09,11.09,9.96,10.1,4057748
1231,2019-07-16,'300387,10.52,10.59,10.08,10.29,5550936
1232,2019-07-17,'300387,10.2,10.48,10.16,10.45,3153298
1233,2019-07-18,'300387,10.09,10.3,9.9,10.12,1896627
1234,2019-07-19,'300387,10.11,10.25,10.02,10.09,2333556
1235,2019-07-22,'300387,9.96,10.13,9.92,10.12,1565852
1236,2019-07-23,'300387,10.0,10.07,9.96,10.06,822894
1237,2019-07-24,'300387,9.95,10.11,9.9,10.11,1050827
1238,2019-07-25,'300387,10.03,10.28,9.91,9.95,2114076
1239,2019-07-26,'300387,9.86,10.18,9.56,10.18,3518694
1240,2019-07-29,'300387,9.55,9.94,9.41,9.8,3720865
1241,2019-07-30,'300387,9.66,9.9,9.51,9.53,2182136
1242,2019-07-31,'300387,9.74,9.79,9.5,9.79,1018200
1243,2019-08-01,'300387,9.84,9.95,9.6,9.62,961972
1244,2019-08-02,'300387,9.95,10.1,9.5,9.75,2947743
1245,2019-08-05,'300387,10.02,10.16,9.82,9.94,1457619
1246,2019-08-06,'300387,9.9,9.95,9.68,9.95,1659495
1247,2019-08-07,'300387,9.88,10.0,9.8,10.0,831983
1248,2019-08-08,'300387,9.85,9.95,9.8,9.92,959792
1249,2019-08-09,'300387,9.8,9.9,9.7,9.9,658599
1250,2019-08-12,'300387,9.86,9.95,9.73,9.95,661594
1251,2019-08-13,'300387,9.95,10.15,9.81,9.95,1572161
1252,2019-08-14,'300387,10.08,10.38,9.95,10.05,3031913
1253,2019-08-15,'300387,10.09,10.1,9.87,9.99,1165044
1254,2019-08-16,'300387,10.17,10.24,10.02,10.19,2144200
1255,2019-08-19,'300387,10.3,10.48,10.1,10.23,2134026
1256,2019-08-20,'300387,10.25,10.41,10.17,10.36,2136948
1257,2019-08-21,'300387,10.28,10.33,10.12,10.25,2667587
1258,2019-08-22,'300387,10.28,10.39,10.2,10.28,1439730
1259,2019-08-23,'300387,10.28,10.55,10.2,10.32,2105065
1260,2019-08-26,'300387,10.25,10.3,10.1,10.15,1280117
1261,2019-08-27,'300387,10.3,10.39,10.2,10.35,2053920
1262,2019-08-28,'300387,10.36,10.37,10.23,10.33,1530176
1263,2019-08-29,'300387,10.28,10.43,10.23,10.41,2559140
1264,2019-08-30,'300387,10.5,10.5,10.15,10.34,2926891
1265,2019-09-02,'300387,10.83,10.83,10.4,10.5,4123636
1266,2019-09-03,'300387,10.57,10.8,10.56,10.8,2651814
1267,2019-09-04,'300387,10.55,10.88,10.44,10.88,2262400
1268,2019-09-05,'300387,10.5,10.63,10.43,10.5,1812953
1269,2019-09-06,'300387,10.42,10.54,10.4,10.53,1305730
1270,2019-09-09,'300387,10.5,10.56,10.34,10.56,1551876
1271,2019-09-10,'300387,10.43,10.49,10.37,10.49,994081
1272,2019-09-11,'300387,10.24,10.48,10.13,10.4,1707561
1273,2019-09-12,'300387,10.4,10.68,10.24,10.35,4236987
1274,2019-09-16,'300387,10.29,10.47,10.26,10.39,2518233
1275,2019-09-17,'300387,10.2,10.3,10.12,10.22,1861038
1276,2019-09-18,'300387,10.2,10.29,10.13,10.26,1082282
1277,2019-09-19,'300387,10.16,10.3,9.85,10.15,1440504
1278,2019-09-20,'300387,9.82,10.13,9.79,10.13,2552210
1279,2019-09-23,'300387,9.8,9.88,9.61,9.82,1220646
1280,2019-09-24,'300387,9.75,9.91,9.7,9.72,1527062
1281,2019-09-25,'300387,9.77,9.77,9.51,9.66,1469319
1282,2019-09-26,'300387,9.65,9.85,9.5,9.82,1544697
1283,2019-09-27,'300387,9.74,9.8,9.56,9.67,1636659
1284,2019-09-30,'300387,9.72,9.78,9.53,9.7,1307415
1285,2019-10-08,'300387,9.82,9.83,9.61,9.69,1424551
1286,2019-10-09,'300387,9.78,9.85,9.66,9.81,1198079
1287,2019-10-10,'300387,9.74,9.89,9.66,9.89,884221
1288,2019-10-11,'300387,9.75,9.78,9.55,9.73,1952701
1289,2019-10-14,'300387,9.65,9.75,9.6,9.74,1441136
1290,2019-10-15,'300387,9.61,9.7,9.54,9.64,642090
1291,2019-10-16,'300387,9.52,9.61,9.35,9.61,1304727
1292,2019-10-17,'300387,9.6,9.65,9.41,9.51,916563
1293,2019-10-18,'300387,9.52,9.65,9.48,9.65,1017445
1294,2019-10-21,'300387,9.65,9.65,9.44,9.52,538300
1295,2019-10-22,'300387,9.71,9.72,9.57,9.6,1431966
1296,2019-10-23,'300387,9.63,9.72,9.56,9.64,1139000
1297,2019-10-24,'300387,9.69,9.79,9.59,9.65,2999587
1298,2019-10-25,'300387,9.91,9.99,9.65,9.67,3875111
1299,2019-10-28,'300387,9.87,9.98,9.76,9.91,3101990
1300,2019-10-29,'300387,9.73,9.85,9.7,9.85,1281300
1301,2019-10-30,'300387,9.76,9.77,9.51,9.73,807571
1302,2019-10-31,'300387,9.61,9.79,9.5,9.79,1147751
1303,2019-11-01,'300387,9.62,9.66,9.47,9.66,1251132
1304,2019-11-04,'300387,9.61,9.65,9.51,9.65,1483491
1305,2019-11-05,'300387,9.49,9.64,9.35,9.64,1812511
1306,2019-11-06,'300387,9.3,9.45,9.3,9.38,801424
1307,2019-11-07,'300387,9.28,9.32,9.23,9.3,1115602
1308,2019-11-08,'300387,9.44,9.49,9.28,9.35,930804
1309,2019-11-11,'300387,9.35,9.44,9.28,9.44,720134
1310,2019-11-12,'300387,9.3,9.41,9.26,9.41,480704
1311,2019-11-13,'300387,9.4,9.4,9.27,9.34,752047
1312,2019-11-14,'300387,9.6,9.61,9.4,9.4,1581372
1313,2019-11-15,'300387,9.56,9.65,9.43,9.6,1223447
1314,2019-11-18,'300387,9.65,9.8,9.44,9.5,1850800
1315,2019-11-19,'300387,9.95,9.95,9.61,9.73,2906953
1316,2019-11-20,'300387,9.98,10.18,9.8,9.96,2752815
1317,2019-11-21,'300387,9.88,10.03,9.85,10.03,1747120
1318,2019-11-22,'300387,9.82,9.92,9.65,9.91,2142026
1319,2019-11-25,'300387,9.75,9.95,9.7,9.83,1976347
1320,2019-11-26,'300387,9.67,9.77,9.65,9.75,1341042
1321,2019-11-27,'300387,9.59,9.74,9.53,9.67,884672
1322,2019-11-28,'300387,9.54,9.59,9.4,9.59,1869590
1323,2019-11-29,'300387,9.5,9.56,9.34,9.49,2132520
1324,2019-12-02,'300387,9.51,9.58,9.4,9.47,1656120
1325,2019-12-03,'300387,9.51,9.51,9.42,9.5,1281138
1326,2019-12-04,'300387,9.47,9.54,9.38,9.48,1171324
1327,2019-12-05,'300387,9.48,9.5,9.41,9.45,980867
1328,2019-12-06,'300387,9.49,9.55,9.4,9.48,2387368
1329,2019-12-09,'300387,9.49,9.49,9.4,9.46,1730192
1330,2019-12-10,'300387,9.48,9.49,9.39,9.46,795400
1331,2019-12-11,'300387,9.48,9.48,9.42,9.48,740940
1332,2019-12-12,'300387,9.75,9.8,9.42,9.42,2939040
1333,2019-12-13,'300387,9.8,9.88,9.7,9.74,1606402
1334,2019-12-16,'300387,9.86,9.94,9.75,9.9,1857033
1335,2019-12-17,'300387,9.89,9.92,9.77,9.86,1686392
1336,2019-12-18,'300387,9.87,9.9,9.8,9.9,1363510
1337,2019-12-19,'300387,9.94,10.0,9.78,10.0,1686051
1338,2019-12-20,'300387,9.94,10.07,9.86,9.94,2231731
1339,2019-12-23,'300387,9.64,9.95,9.64,9.94,2127927
1340,2019-12-24,'300387,9.8,9.8,9.53,9.64,1544784
1341,2019-12-25,'300387,9.67,9.88,9.65,9.88,2263700
1342,2019-12-26,'300387,9.75,9.75,9.64,9.67,682069
1343,2019-12-27,'300387,9.75,9.8,9.72,9.79,809906
1344,2019-12-30,'300387,9.64,9.78,9.55,9.75,1317058
1345,2019-12-31,'300387,10.3,10.33,9.56,9.66,4906861
1346,2020-01-02,'300387,10.46,10.5,10.18,10.43,3199769
1347,2020-01-03,'300387,10.47,10.51,10.25,10.4,3244578
1348,2020-01-06,'300387,10.54,10.73,10.31,10.45,4325577
1349,2020-01-07,'300387,10.44,10.59,10.3,10.57,3094422
1350,2020-01-08,'300387,10.43,10.54,10.23,10.4,4225058
1351,2020-01-09,'300387,10.5,10.78,10.43,10.56,2671384
1352,2020-01-10,'300387,10.53,10.58,10.31,10.58,2745701
1353,2020-01-13,'300387,10.62,10.63,10.41,10.5,2747191
1354,2020-01-14,'300387,11.33,11.55,10.58,10.68,8424768
1355,2020-01-15,'300387,11.25,11.58,11.09,11.58,3678892
1356,2020-01-16,'300387,10.85,11.35,10.75,11.35,4624276
1357,2020-01-17,'300387,10.39,11.36,10.29,11.36,6231674
1358,2020-01-20,'300387,10.09,10.57,9.85,10.4,5999053
1359,2020-01-21,'300387,10.13,10.22,9.98,10.11,1698861
1360,2020-01-22,'300387,10.79,10.93,9.71,10.12,6433888
1361,2020-01-23,'300387,10.38,10.67,10.02,10.67,3244662
1362,2020-02-03,'300387,9.34,9.55,9.34,9.34,2545717
1363,2020-02-04,'300387,8.84,9.25,8.41,8.41,21434004
1364,2020-02-05,'300387,8.64,8.99,8.5,8.56,17029549
1365,2020-02-06,'300387,8.78,8.79,7.96,8.64,20069917
1366,2020-02-07,'300387,8.48,8.65,8.34,8.56,10352137
1367,2020-02-10,'300387,8.64,8.79,8.38,8.38,10270188
1368,2020-02-11,'300387,8.56,8.68,8.46,8.66,5885171
1369,2020-02-12,'300387,8.59,8.64,8.46,8.55,6847960
1370,2020-02-13,'300387,8.94,9.1,8.55,8.65,13814020
1371,2020-02-14,'300387,9.28,9.33,8.81,8.94,13593317
1372,2020-02-17,'300387,9.74,9.96,9.22,9.35,16158576
1373,2020-02-18,'300387,9.46,9.66,9.36,9.66,11577272
1374,2020-02-19,'300387,9.15,9.58,9.08,9.41,11441113
1375,2020-02-20,'300387,9.27,9.3,9.03,9.15,7051510
1376,2020-02-21,'300387,9.17,9.35,9.09,9.22,8147985
1377,2020-02-24,'300387,9.14,9.19,8.97,9.19,8794982
1378,2020-02-25,'300387,8.92,9.04,8.62,8.89,9493026
1379,2020-02-26,'300387,8.98,9.21,8.78,8.82,7616965
1380,2020-02-27,'300387,8.84,8.99,8.82,8.94,4607080
1381,2020-02-28,'300387,8.29,8.66,8.2,8.66,6367111
1382,2020-03-02,'300387,8.45,8.53,8.21,8.35,4278965
1383,2020-03-03,'300387,8.58,8.74,8.45,8.52,5522362
1384,2020-03-04,'300387,8.59,8.61,8.38,8.52,4269850
1385,2020-03-05,'300387,8.72,8.75,8.57,8.66,6367619
1386,2020-03-06,'300387,8.75,8.79,8.61,8.62,4267462
1387,2020-03-09,'300387,8.47,8.68,8.41,8.65,4608474
1388,2020-03-10,'300387,8.89,8.9,8.23,8.28,8065338
1389,2020-03-11,'300387,8.65,8.97,8.61,8.97,7612522
1390,2020-03-12,'300387,8.42,8.56,8.4,8.47,4191080
1391,2020-03-13,'300387,8.08,8.27,7.8,7.89,5540848
1392,2020-03-16,'300387,7.87,8.17,7.71,8.13,4253600
1393,2020-03-17,'300387,7.83,7.95,7.51,7.86,3957877
1394,2020-03-18,'300387,7.54,7.91,7.53,7.83,3593454
1395,2020-03-19,'300387,7.57,7.6,7.2,7.5,4862666
1396,2020-03-20,'300387,7.56,7.61,7.36,7.5,3918686
1397,2020-03-23,'300387,7.2,7.42,7.2,7.3,2553545
1398,2020-03-24,'300387,7.36,7.38,7.14,7.29,2876436
1399,2020-03-25,'300387,7.55,7.58,7.4,7.48,3855220
1400,2020-03-26,'300387,7.46,7.6,7.4,7.5,2846762
1401,2020-03-27,'300387,7.43,7.6,7.4,7.53,2248814
1402,2020-03-30,'300387,7.23,7.4,7.08,7.4,2327293
1403,2020-03-31,'300387,7.64,7.66,7.24,7.3,4976003
1404,2020-04-01,'300387,7.41,7.74,7.37,7.59,3776613
1405,2020-04-02,'300387,7.51,7.57,7.31,7.34,2087794
1406,2020-04-03,'300387,8.26,8.26,8.26,8.26,2702304
1407,2020-04-07,'300387,8.61,8.8,8.38,8.8,18328316
1408,2020-04-08,'300387,8.35,8.63,8.33,8.45,7812740
1409,2020-04-09,'300387,8.34,8.49,8.3,8.4,6761459
1410,2020-04-10,'300387,8.01,8.33,7.96,8.25,8040555
1411,2020-04-13,'300387,7.9,8.02,7.78,8.02,6380134
1412,2020-04-14,'300387,7.99,7.99,7.84,7.92,5352584
1413,2020-04-15,'300387,7.84,8.04,7.82,7.96,5416641
1414,2020-04-16,'300387,8.0,8.06,7.75,7.84,8145577
1415,2020-04-17,'300387,8.0,8.06,7.88,8.02,5740282
1416,2020-04-20,'300387,8.0,8.07,7.96,8.04,3907437
1417,2020-04-21,'300387,7.89,7.98,7.81,7.98,4514012
1418,2020-04-22,'300387,8.22,8.33,7.8,7.85,9892173
1419,2020-04-23,'300387,8.15,8.29,8.07,8.22,6977320
1420,2020-04-24,'300387,7.85,8.22,7.83,8.19,6709202
1421,2020-04-27,'300387,8.07,8.11,7.81,7.89,5848039
1422,2020-04-28,'300387,7.71,8.01,7.3,7.96,9695050
1423,2020-04-29,'300387,7.53,7.75,7.49,7.62,4085394
1424,2020-04-30,'300387,7.73,7.78,7.55,7.6,5347799
1425,2020-05-06,'300387,7.89,7.92,7.62,7.69,4801650
1426,2020-05-07,'300387,7.75,7.99,7.71,7.91,4985019
1427,2020-05-08,'300387,7.84,7.86,7.78,7.78,3396031
1428,2020-05-11,'300387,8.39,8.42,7.82,7.82,12600512
1429,2020-05-12,'300387,8.1,8.31,8.01,8.3,10079588
1430,2020-05-13,'300387,8.08,8.14,7.95,8.04,4176813
1431,2020-05-14,'300387,7.97,8.05,7.96,8.05,3022690
1432,2020-05-15,'300387,8.05,8.08,7.97,7.97,2681005
1433,2020-05-18,'300387,7.99,8.05,7.83,8.05,2877560
1434,2020-05-19,'300387,8.2,8.22,8.01,8.04,5115560
1435,2020-05-20,'300387,8.27,8.3,8.05,8.18,3662068
1436,2020-05-21,'300387,9.1,9.1,9.08,9.08,7999165
1437,2020-05-22,'300387,8.59,9.27,8.48,9.0,19706385
1438,2020-05-25,'300387,8.87,9.45,8.81,9.0,24864349
1439,2020-05-26,'300387,8.7,8.85,8.5,8.5,16496897
1440,2020-05-27,'300387,9.02,9.27,8.62,8.62,18413468
1441,2020-05-28,'300387,8.63,8.92,8.5,8.9,12105055
1442,2020-05-29,'300387,8.55,8.79,8.54,8.63,7357540
1443,2020-06-01,'300387,8.64,8.69,8.35,8.5,8280186
1444,2020-06-02,'300387,8.75,8.75,8.46,8.61,8306291
1445,2020-06-03,'300387,8.54,8.76,8.54,8.73,6237780
1446,2020-06-04,'300387,8.64,8.66,8.52,8.62,5100300
1447,2020-06-05,'300387,8.53,8.87,8.5,8.7,7448110
1448,2020-06-08,'300387,8.24,8.46,8.21,8.45,7410985
1449,2020-06-09,'300387,8.28,8.34,8.22,8.29,2674401
1450,2020-06-10,'300387,8.35,8.4,8.2,8.28,3930874
1451,2020-06-11,'300387,8.2,8.36,8.19,8.35,3330598
1452,2020-06-12,'300387,8.25,8.26,8.03,8.03,2566286
1453,2020-06-15,'300387,8.28,8.39,8.21,8.21,3675724
1454,2020-06-16,'300387,8.38,8.38,8.2,8.25,3184985
1455,2020-06-17,'300387,8.55,8.55,8.22,8.28,6836227
1456,2020-06-18,'300387,8.46,8.57,8.38,8.53,4315524
1457,2020-06-19,'300387,8.43,8.54,8.41,8.45,3383610
1458,2020-06-22,'300387,8.49,8.67,8.37,8.46,5208155
1459,2020-06-23,'300387,8.6,8.65,8.42,8.52,5587039
1460,2020-06-24,'300387,8.5,8.63,8.43,8.57,3562875
1461,2020-06-29,'300387,8.3,8.48,8.23,8.48,3518849
1462,2020-06-30,'300387,8.36,8.41,8.32,8.39,2780776
1463,2020-07-01,'300387,8.49,8.5,8.33,8.41,4157702
1464,2020-07-02,'300387,8.6,8.65,8.46,8.56,5569695
1465,2020-07-03,'300387,8.65,8.65,8.55,8.57,5054314
1466,2020-07-06,'300387,8.9,8.95,8.61,8.67,9192645
1467,2020-07-07,'300387,8.99,9.13,8.89,8.97,10073402
1468,2020-07-08,'300387,9.03,9.08,8.87,8.95,9259799
1469,2020-07-09,'300387,9.22,9.34,8.9,8.99,10872138
1470,2020-07-10,'300387,9.37,9.54,9.03,9.17,13492261
1471,2020-07-13,'300387,9.8,9.85,9.31,9.37,13198140
1472,2020-07-14,'300387,10.0,10.07,9.51,9.74,12906373
1473,2020-07-15,'300387,9.41,9.93,9.41,9.88,11595078
1474,2020-07-16,'300387,9.1,9.67,9.05,9.41,9087715
1475,2020-07-17,'300387,9.18,9.28,9.03,9.1,5959846
1476,2020-07-20,'300387,9.37,9.39,9.16,9.19,6990754
1477,2020-07-21,'300387,9.21,9.39,9.2,9.37,4377339
1478,2020-07-22,'300387,9.1,9.31,9.05,9.19,6670720
1479,2020-07-23,'300387,8.92,9.13,8.68,9.06,7045696
1480,2020-07-24,'300387,9.05,9.45,8.85,8.91,13349002
1481,2020-07-27,'300387,8.61,9.11,8.5,8.93,8195432
1482,2020-07-28,'300387,8.77,8.85,8.61,8.64,4447705
1483,2020-07-29,'300387,8.97,8.98,8.63,8.77,5727461
1484,2020-07-30,'300387,9.05,9.15,8.9,8.93,7392337
1485,2020-07-31,'300387,9.1,9.16,8.88,8.98,6427266
1486,2020-08-03,'300387,9.29,9.3,9.15,9.19,7698457
1487,2020-08-04,'300387,9.17,9.35,9.13,9.26,5452971
1488,2020-08-05,'300387,9.3,9.32,9.01,9.15,4846297
1489,2020-08-06,'300387,9.16,9.35,9.08,9.35,4424580
1490,2020-08-07,'300387,8.94,9.14,8.86,9.14,3848046
1491,2020-08-10,'300387,9.01,9.13,8.92,8.99,3371734
1492,2020-08-11,'300387,8.79,9.06,8.78,9.06,4502634
1493,2020-08-12,'300387,8.95,8.95,8.63,8.8,5988980
1494,2020-08-13,'300387,9.42,9.85,9.11,9.21,18762197
1495,2020-08-14,'300387,9.69,9.99,9.32,9.32,17426985
1496,2020-08-17,'300387,9.8,9.88,9.5,9.55,15878488
1497,2020-08-18,'300387,10.37,10.57,9.72,9.83,18820275
1498,2020-08-19,'300387,10.72,11.11,10.18,10.18,22375967
1499,2020-08-20,'300387,10.37,11.57,10.28,10.74,22950141
1500,2020-08-21,'300387,10.18,10.96,10.03,10.3,18080217
1501,2020-08-24,'300387,10.87,11.13,10.02,10.15,22659227
1502,2020-08-25,'300387,10.92,11.41,10.58,10.8,24349259
1503,2020-08-26,'300387,11.68,11.99,11.2,11.3,32019964
1504,2020-08-27,'300387,11.19,11.32,10.25,11.3,24041172
1505,2020-08-28,'300387,10.48,10.93,10.21,10.81,20591908
1506,2020-08-31,'300387,10.37,10.75,10.2,10.23,14651026
1507,2020-09-01,'300387,10.18,10.27,9.95,10.25,14201589
1508,2020-09-02,'300387,10.6,10.63,10.14,10.25,17770866
1509,2020-09-03,'300387,10.11,10.55,10.07,10.51,12078206
1510,2020-09-04,'300387,10.24,10.29,9.81,9.85,7382706
1511,2020-09-07,'300387,10.1,10.52,10.01,10.26,17046531
1512,2020-09-08,'300387,10.39,10.44,9.33,9.83,20923887
1513,2020-09-09,'300387,10.57,11.0,10.24,10.35,23597102
1514,2020-09-10,'300387,9.7,10.56,9.7,10.56,15641406
1515,2020-09-11,'300387,9.87,9.99,9.46,9.65,7062102
1516,2020-09-14,'300387,10.57,10.87,9.85,10.0,17456689
1517,2020-09-15,'300387,10.37,10.63,10.31,10.45,9095869
1518,2020-09-16,'300387,9.98,10.4,9.87,10.29,8165517
1519,2020-09-17,'300387,10.43,10.8,9.95,9.95,17605605
1520,2020-09-18,'300387,10.65,10.72,10.23,10.38,12936111
1521,2020-09-21,'300387,10.53,10.66,10.39,10.58,8110141
1522,2020-09-22,'300387,10.18,10.51,10.11,10.34,8308309
1523,2020-09-23,'300387,10.08,10.3,9.95,10.27,6274447
1524,2020-09-24,'300387,9.55,10.08,9.55,10.08,7094208
1525,2020-09-25,'300387,9.34,9.74,9.28,9.68,4269500
1526,2020-09-28,'300387,9.15,9.5,9.13,9.4,3164000
1527,2020-09-29,'300387,9.21,9.3,9.12,9.21,2791860
1528,2020-09-30,'300387,9.02,9.28,8.99,9.27,3579900
1529,2020-10-09,'300387,9.25,9.38,9.16,9.29,4609293
1530,2020-10-12,'300387,9.61,9.65,9.3,9.3,6872674
1531,2020-10-13,'300387,9.86,9.94,9.45,9.6,8796517
1532,2020-10-14,'300387,9.82,9.95,9.73,9.77,5495163
1533,2020-10-15,'300387,10.12,10.34,9.61,9.82,11234987
1534,2020-10-16,'300387,9.94,10.13,9.81,10.04,7429200
1535,2020-10-19,'300387,9.91,10.06,9.71,9.86,5927018
1536,2020-10-20,'300387,10.18,10.2,9.75,9.92,7519461
1537,2020-10-21,'300387,10.01,10.3,9.95,10.15,5643228
1538,2020-10-22,'300387,9.94,10.11,9.77,9.98,4319610
1539,2020-10-23,'300387,9.6,10.01,9.59,9.94,5899000
1540,2020-10-26,'300387,9.61,9.74,9.4,9.6,3354300
1541,2020-10-27,'300387,9.78,9.79,9.29,9.62,7200152
1542,2020-10-28,'300387,9.89,10.02,9.56,9.71,12322526
1543,2020-10-29,'300387,9.48,9.74,9.45,9.74,6329640
1544,2020-10-30,'300387,9.0,9.63,8.98,9.48,7409067
1545,2020-11-02,'300387,8.89,9.07,8.8,9.0,4028150
1546,2020-11-03,'300387,9.32,9.33,8.9,8.93,5521377
1547,2020-11-04,'300387,9.21,9.44,9.15,9.31,3964000
1548,2020-11-05,'300387,9.29,9.35,9.17,9.3,2946488
1549,2020-11-06,'300387,9.09,9.35,9.01,9.32,3562459
1550,2020-11-09,'300387,9.23,9.31,9.06,9.1,3820590
1551,2020-11-10,'300387,9.12,9.31,9.09,9.28,3118336
1552,2020-11-11,'300387,8.94,9.21,8.9,9.13,3411323
1553,2020-11-12,'300387,8.98,9.04,8.84,8.92,2729595
1554,2020-11-13,'300387,8.68,9.01,8.61,8.86,5431253
1555,2020-11-16,'300387,8.72,8.8,8.63,8.7,2522300
1556,2020-11-17,'300387,8.57,8.76,8.49,8.73,4126575
1557,2020-11-18,'300387,8.6,8.72,8.48,8.55,2633700
1558,2020-11-19,'300387,8.68,8.71,8.5,8.6,3021300
1559,2020-11-20,'300387,8.57,8.7,8.55,8.67,2748600
1560,2020-11-23,'300387,8.57,8.66,8.53,8.61,2645400
1561,2020-11-24,'300387,8.62,8.63,8.49,8.61,2037446
1562,2020-11-25,'300387,8.33,8.65,8.32,8.65,4678944
1563,2020-11-26,'300387,8.18,8.36,8.12,8.33,2615398
1564,2020-11-27,'300387,8.17,8.22,8.04,8.21,2323139
1565,2020-11-30,'300387,8.16,8.31,8.1,8.21,1841300
1566,2020-12-01,'300387,8.29,8.29,8.08,8.16,2157420
1567,2020-12-02,'300387,8.22,8.3,8.18,8.29,2323100
1568,2020-12-03,'300387,8.33,8.44,8.11,8.2,3935961
1569,2020-12-04,'300387,8.28,8.34,8.24,8.29,2247228
1570,2020-12-07,'300387,8.17,8.28,8.12,8.28,2141568
1571,2020-12-08,'300387,8.1,8.18,8.08,8.16,1802100
1572,2020-12-09,'300387,7.79,8.13,7.79,8.1,3194698
1573,2020-12-10,'300387,7.92,8.06,7.73,7.8,2680205
1574,2020-12-11,'300387,7.66,7.92,7.55,7.91,3043465
1575,2020-12-14,'300387,7.77,7.79,7.58,7.62,2122815
1576,2020-12-15,'300387,7.77,7.8,7.69,7.73,1429487
1577,2020-12-16,'300387,7.58,7.8,7.55,7.79,2082900
1578,2020-12-17,'300387,7.7,7.74,7.46,7.58,2330640
1579,2020-12-18,'300387,7.71,7.76,7.61,7.69,2049287
1580,2020-12-21,'300387,7.95,7.98,7.67,7.71,4073152
1581,2020-12-22,'300387,7.68,7.99,7.68,7.91,3312100
1582,2020-12-23,'300387,7.69,7.77,7.63,7.66,1817300
1583,2020-12-24,'300387,7.28,7.67,7.28,7.64,4678600
1584,2020-12-25,'300387,7.4,7.44,7.2,7.28,2521726
1585,2020-12-28,'300387,7.35,7.48,7.17,7.4,3276744
1586,2020-12-29,'300387,7.51,7.59,7.3,7.35,3136600
1587,2020-12-30,'300387,7.66,7.87,7.52,7.55,5333902
1588,2020-12-31,'300387,7.88,7.92,7.61,7.63,3933500
1589,2021-01-04,'300387,8.01,8.06,7.81,7.81,5266460
1590,2021-01-05,'300387,7.96,8.07,7.88,8.02,4715757
1591,2021-01-06,'300387,7.83,8.0,7.76,7.93,4859139
1592,2021-01-07,'300387,7.46,7.86,7.44,7.86,4368304
1593,2021-01-08,'300387,7.41,7.7,7.3,7.5,3745738
1594,2021-01-11,'300387,7.0,7.44,7.0,7.44,4294807
1595,2021-01-12,'300387,6.88,7.09,6.82,6.98,3485732
1596,2021-01-13,'300387,6.63,6.88,6.59,6.86,4415892
1597,2021-01-14,'300387,6.8,6.83,6.53,6.53,3227254
1598,2021-01-15,'300387,7.22,7.41,6.84,6.84,5931040
1599,2021-01-18,'300387,7.68,7.78,7.3,7.36,7613222
1600,2021-01-19,'300387,7.83,7.88,7.57,7.62,6898958
1601,2021-01-20,'300387,7.88,8.0,7.71,7.87,6491011
1602,2021-01-21,'300387,7.73,7.9,7.72,7.88,5427904
1603,2021-01-22,'300387,8.12,8.28,7.72,7.72,10494041
1604,2021-01-25,'300387,8.13,8.32,7.87,8.12,5319268
1605,2021-01-26,'300387,8.18,8.4,7.95,8.2,5591300
1606,2021-01-27,'300387,7.8,8.17,7.8,8.15,3767900
1607,2021-01-28,'300387,7.82,8.01,7.71,7.81,3645940
1608,2021-01-29,'300387,7.8,7.88,7.49,7.82,3429238
1609,2021-02-01,'300387,7.12,7.72,6.98,7.72,6090463
1610,2021-02-02,'300387,7.15,7.22,6.88,7.12,3786682
1611,2021-02-03,'300387,7.05,7.38,6.94,7.22,5127200
1612,2021-02-04,'300387,6.92,7.12,6.72,7.12,2792181
1613,2021-02-05,'300387,6.86,7.05,6.81,6.85,1884379
1614,2021-02-08,'300387,6.47,6.8,6.45,6.71,5054238
1615,2021-02-09,'300387,6.37,6.58,6.36,6.41,4691934
1616,2021-02-10,'300387,6.28,6.44,6.24,6.38,3934652
1617,2021-02-18,'300387,6.75,6.77,6.33,6.33,5780322
1618,2021-02-19,'300387,7.18,7.21,6.65,6.77,6444862
1619,2021-02-22,'300387,7.43,7.69,7.3,7.31,8236960
1620,2021-02-23,'300387,7.32,7.53,7.13,7.43,5385318
1621,2021-02-24,'300387,7.36,7.52,7.27,7.32,4039560
1622,2021-02-25,'300387,7.07,7.45,7.06,7.45,3747000
1623,2021-02-26,'300387,7.15,7.24,6.98,7.06,3731600
1624,2021-03-01,'300387,7.33,7.41,7.2,7.21,3435084
1625,2021-03-02,'300387,7.21,7.39,7.14,7.39,2712700
1626,2021-03-03,'300387,7.5,7.58,6.9,7.18,9090335
1627,2021-03-04,'300387,7.3,7.64,7.26,7.58,6994760
1628,2021-03-05,'300387,7.29,7.38,7.24,7.26,4311200
1629,2021-03-08,'300387,7.22,7.4,7.17,7.3,3494700
1630,2021-03-09,'300387,6.98,7.26,6.95,7.18,3185900
1631,2021-03-10,'300387,6.77,7.1,6.77,7.06,2774240
1632,2021-03-11,'300387,6.91,6.93,6.73,6.8,2276000
1633,2021-03-12,'300387,6.75,6.95,6.75,6.93,2083684
1634,2021-03-15,'300387,6.83,6.84,6.55,6.55,2069300
1635,2021-03-16,'300387,7.12,7.23,6.8,6.85,4402061
1636,2021-03-17,'300387,7.07,7.22,7.05,7.12,2503471
1637,2021-03-18,'300387,6.95,7.14,6.94,7.1,2372882
1638,2021-03-19,'300387,7.13,7.17,6.86,6.94,3698500
1639,2021-03-22,'300387,7.16,7.32,7.12,7.15,3306676
1640,2021-03-23,'300387,6.95,7.14,6.93,7.12,2755100
1641,2021-03-24,'300387,6.87,7.0,6.85,6.93,1950712
1642,2021-03-25,'300387,6.74,6.92,6.73,6.81,2282452
1643,2021-03-26,'300387,6.8,6.83,6.7,6.8,1497000
1644,2021-03-29,'300387,6.8,6.85,6.76,6.8,1608222
1645,2021-03-30,'300387,6.64,6.8,6.64,6.8,1996077
1646,2021-03-31,'300387,6.69,6.73,6.62,6.69,1305803
1647,2021-04-01,'300387,6.69,6.74,6.64,6.71,1209723
1648,2021-04-02,'300387,6.63,6.71,6.62,6.7,2024820
1649,2021-04-06,'300387,6.76,6.78,6.57,6.62,1879198
1650,2021-04-07,'300387,6.81,6.86,6.75,6.76,1759200
1651,2021-04-08,'300387,6.64,6.83,6.64,6.83,2382120
1652,2021-04-09,'300387,6.7,6.74,6.59,6.66,1730336
1653,2021-04-12,'300387,6.54,6.72,6.51,6.71,2060600
1654,2021-04-13,'300387,6.45,6.56,6.42,6.55,1589535
1655,2021-04-14,'300387,6.52,6.52,6.35,6.49,1663903
1656,2021-04-15,'300387,6.54,6.57,6.46,6.5,1207203
1657,2021-04-16,'300387,6.76,6.77,6.52,6.52,2557435
1658,2021-04-19,'300387,6.79,6.83,6.71,6.75,2184661
1659,2021-04-20,'300387,6.79,6.83,6.71,6.78,2338161
1660,2021-04-21,'300387,6.83,6.86,6.7,6.77,1894263
1661,2021-04-22,'300387,6.75,6.86,6.72,6.79,1809718
1662,2021-04-23,'300387,6.57,6.77,6.5,6.77,2372481
1663,2021-04-26,'300387,6.59,6.65,6.5,6.55,1526114
1664,2021-04-27,'300387,6.33,6.53,6.31,6.5,2783853
1665,2021-04-28,'300387,6.2,6.36,6.16,6.36,2800840
1666,2021-04-29,'300387,6.2,6.26,6.13,6.21,2583408
1667,2021-04-30,'300387,6.01,6.24,5.98,6.22,3344251
1668,2021-05-06,'300387,6.15,6.21,6.02,6.08,2405785
1669,2021-05-07,'300387,6.14,6.19,6.09,6.19,1762700
1670,2021-05-10,'300387,5.99,6.17,5.95,6.1,3244870
1671,2021-05-11,'300387,6.07,6.09,5.94,5.99,2113970
1672,2021-05-12,'300387,6.25,6.33,6.03,6.07,4079251
1673,2021-05-13,'300387,6.2,6.3,6.1,6.19,3182800
1674,2021-05-14,'300387,6.22,6.26,6.15,6.16,2182316
1675,2021-05-17,'300387,6.06,6.22,6.03,6.22,2959240
1676,2021-05-18,'300387,6.08,6.1,6.01,6.09,1720496
1677,2021-05-19,'300387,6.06,6.08,6.04,6.08,1420140
1678,2021-05-20,'300387,6.03,6.06,5.95,6.04,1692215
1679,2021-05-21,'300387,6.2,6.3,6.02,6.05,3898155
1680,2021-05-24,'300387,6.2,6.27,6.15,6.2,2299088
1681,2021-05-25,'300387,6.17,6.23,6.11,6.21,1981260
1682,2021-05-26,'300387,6.31,6.31,6.16,6.17,2990962
1683,2021-05-27,'300387,6.28,6.37,6.26,6.28,2623697
1684,2021-05-28,'300387,6.22,6.32,6.12,6.32,3421404
1685,2021-05-31,'300387,6.24,6.28,6.18,6.22,3149927
1686,2021-06-01,'300387,6.23,6.25,6.17,6.2,4703658
1687,2021-06-02,'300387,6.32,6.43,6.23,6.24,6515866
1688,2021-06-03,'300387,6.3,6.43,6.3,6.35,4415205
1689,2021-06-04,'300387,6.29,6.38,6.26,6.3,2533696
1690,2021-06-07,'300387,6.35,6.42,6.28,6.3,2679100
1691,2021-06-08,'300387,6.46,6.47,6.3,6.35,3626312
1692,2021-06-09,'300387,6.52,6.59,6.4,6.45,3613205
1693,2021-06-10,'300387,6.65,6.72,6.47,6.53,5501872
1694,2021-06-11,'300387,6.51,6.66,6.51,6.66,4251456
1695,2021-06-15,'300387,6.58,6.64,6.41,6.54,3312805
1696,2021-06-16,'300387,6.47,6.67,6.45,6.58,3470056
1697,2021-06-17,'300387,6.58,6.62,6.41,6.47,3360998
1698,2021-06-18,'300387,6.63,6.67,6.5,6.6,3852012
1699,2021-06-21,'300387,6.66,6.66,6.58,6.6,3477949
1700,2021-06-22,'300387,6.77,6.78,6.62,6.66,4585777
1701,2021-06-23,'300387,6.7,6.81,6.65,6.8,3512640
1702,2021-06-24,'300387,6.65,6.68,6.61,6.63,2306149
1703,2021-06-25,'300387,6.67,6.75,6.48,6.66,4479042
1704,2021-06-28,'300387,6.66,6.71,6.56,6.67,2330700
1705,2021-06-29,'300387,6.43,6.66,6.41,6.64,2264540
1706,2021-06-30,'300387,6.54,6.55,6.35,6.43,2757040
1707,2021-07-01,'300387,6.38,6.55,6.36,6.55,1904497
1708,2021-07-02,'300387,6.42,6.44,6.33,6.35,1414408
1709,2021-07-05,'300387,6.62,6.62,6.4,6.42,3165724
1710,2021-07-06,'300387,6.65,6.7,6.57,6.65,3012280
1711,2021-07-07,'300387,6.69,6.75,6.65,6.66,4191475
1712,2021-07-08,'300387,6.66,6.7,6.57,6.7,3564138
1713,2021-07-09,'300387,7.0,7.11,6.6,6.66,12593424
1714,2021-07-12,'300387,6.95,7.12,6.89,7.01,8162039
1715,2021-07-13,'300387,6.95,7.22,6.93,6.99,6590263
1716,2021-07-14,'300387,6.91,7.08,6.85,6.98,4485699
1717,2021-07-15,'300387,6.77,6.92,6.64,6.89,4458999
1718,2021-07-16,'300387,6.76,6.83,6.7,6.71,2677253
1719,2021-07-19,'300387,6.76,6.78,6.62,6.71,2276700
1720,2021-07-20,'300387,6.82,6.83,6.63,6.73,2672536
1721,2021-07-21,'300387,6.86,6.97,6.81,6.84,4059100
1722,2021-07-22,'300387,6.88,6.93,6.8,6.85,3429843
1723,2021-07-23,'300387,6.67,6.94,6.66,6.9,4219406
1724,2021-07-26,'300387,6.58,6.72,6.48,6.66,3621170
1725,2021-07-27,'300387,6.37,6.66,6.35,6.61,3786476
1726,2021-07-28,'300387,6.0,6.38,5.94,6.34,4958500
1727,2021-07-29,'300387,6.18,6.19,6.04,6.07,2846929
1728,2021-07-30,'300387,6.31,6.32,6.13,6.16,3305390
1729,2021-08-02,'300387,6.42,6.43,6.27,6.33,2670921
1730,2021-08-03,'300387,6.53,6.59,6.39,6.42,3433900
1731,2021-08-04,'300387,6.52,6.58,6.5,6.5,2724284
1732,2021-08-05,'300387,6.55,6.58,6.46,6.53,2664300
1733,2021-08-06,'300387,6.51,6.58,6.47,6.53,1777796
1734,2021-08-09,'300387,6.68,6.7,6.47,6.52,3043645
1735,2021-08-10,'300387,6.87,6.92,6.62,6.68,5535008
1736,2021-08-11,'300387,6.92,6.98,6.8,6.84,4386267
1737,2021-08-12,'300387,6.92,6.99,6.88,6.9,2825414
1738,2021-08-13,'300387,6.91,6.94,6.8,6.92,2628403
1739,2021-08-16,'300387,6.93,7.08,6.84,6.99,3161600
1740,2021-08-17,'300387,6.73,6.97,6.7,6.9,3817140
1741,2021-08-18,'300387,6.76,6.83,6.7,6.7,2976577
1742,2021-08-19,'300387,6.7,6.77,6.61,6.75,2451880
1743,2021-08-20,'300387,6.66,6.67,6.49,6.66,2531572
1744,2021-08-23,'300387,6.96,6.96,6.59,6.66,4363011
1745,2021-08-24,'300387,7.21,7.4,6.9,6.96,9374284
1746,2021-08-25,'300387,7.14,7.28,7.1,7.19,5266501
1747,2021-08-26,'300387,7.11,7.22,7.08,7.17,3903160
1748,2021-08-27,'300387,7.16,7.25,6.95,7.12,3947630
1749,2021-08-30,'300387,6.79,7.03,6.72,7.0,7070109
1750,2021-08-31,'300387,6.81,6.99,6.73,6.73,4503453
1751,2021-09-01,'300387,6.93,7.2,6.74,6.81,7504256
1752,2021-09-02,'300387,6.88,6.9,6.76,6.81,4414995
1753,2021-09-03,'300387,6.99,7.12,6.82,6.82,6907425
1754,2021-09-06,'300387,6.94,7.0,6.76,6.96,4447100
1755,2021-09-07,'300387,6.93,6.98,6.86,6.92,4357232
1756,2021-09-08,'300387,7.32,7.32,6.88,6.93,10687280
1757,2021-09-09,'300387,7.18,7.34,7.14,7.26,5825297
1758,2021-09-10,'300387,6.98,7.23,6.97,7.23,5430902
1759,2021-09-13,'300387,7.32,7.32,6.95,6.98,9898187
1760,2021-09-14,'300387,7.12,7.35,7.06,7.3,7684963
1761,2021-09-15,'300387,7.56,7.56,7.08,7.12,12931738
1762,2021-09-16,'300387,7.42,7.67,7.33,7.51,14124959
1763,2021-09-17,'300387,7.46,7.66,7.31,7.35,11816500
1764,2021-09-22,'300387,7.97,8.04,7.29,7.35,25074310
1765,2021-09-23,'300387,7.66,8.08,7.6,8.05,18474033
1766,2021-09-24,'300387,7.03,7.63,6.96,7.63,18235855
1767,2021-09-27,'300387,6.47,7.06,6.36,6.92,12739075
1768,2021-09-28,'300387,6.44,6.52,6.3,6.39,5782026
1769,2021-09-29,'300387,6.17,6.43,6.16,6.38,6375164
1770,2021-09-30,'300387,6.23,6.29,6.17,6.17,3949840
1771,2021-10-08,'300387,6.51,6.57,6.26,6.26,6321275
1772,2021-10-11,'300387,6.44,6.59,6.39,6.59,4223501
1773,2021-10-12,'300387,6.33,6.46,6.23,6.43,3878800
1774,2021-10-13,'300387,6.35,6.37,6.21,6.32,3151000
1775,2021-10-14,'300387,6.37,6.41,6.28,6.37,2849900
1776,2021-10-15,'300387,6.16,6.44,6.16,6.37,4598400
1777,2021-10-18,'300387,6.29,6.31,6.09,6.14,3399176
1778,2021-10-19,'300387,6.2,6.32,6.2,6.29,2773600
1779,2021-10-20,'300387,6.18,6.25,6.13,6.23,2057300
1780,2021-10-21,'300387,6.13,6.24,6.12,6.16,2947208
1781,2021-10-22,'300387,6.01,6.17,5.99,6.14,3572200
1782,2021-10-25,'300387,6.1,6.12,5.95,6.01,2588927
1783,2021-10-26,'300387,6.01,6.21,5.97,6.09,2462900
1784,2021-10-27,'300387,5.78,6.03,5.76,5.96,3891121
1785,2021-10-28,'300387,5.7,5.82,5.66,5.76,2336982
1786,2021-10-29,'300387,5.92,5.95,5.68,5.68,2574200
1787,2021-11-01,'300387,6.02,6.05,5.9,5.92,2477212
1788,2021-11-02,'300387,5.79,6.04,5.73,5.98,2775449
1789,2021-11-03,'300387,5.79,5.84,5.74,5.79,4229400
1790,2021-11-04,'300387,5.88,5.88,5.79,5.81,1984341
1791,2021-11-05,'300387,5.84,5.88,5.81,5.87,2056380
1792,2021-11-08,'300387,5.91,5.92,5.76,5.85,2431161
1793,2021-11-09,'300387,6.02,6.03,5.9,5.9,2233900
1794,2021-11-10,'300387,6.07,6.07,5.92,6.0,2227800
1795,2021-11-11,'300387,6.07,6.09,6.03,6.04,2480347
1796,2021-11-12,'300387,6.17,6.24,6.1,6.1,4039613
1797,2021-11-15,'300387,6.25,6.27,6.12,6.18,4917800
1798,2021-11-16,'300387,6.16,6.29,6.15,6.29,2653034
1799,2021-11-17,'300387,6.23,6.26,6.13,6.18,4652646
1800,2021-11-18,'300387,6.18,6.3,6.16,6.23,3324800
1801,2021-11-19,'300387,6.23,6.25,6.1,6.18,3083040
1802,2021-11-22,'300387,6.18,6.24,6.15,6.24,2161902
1803,2021-11-23,'300387,6.18,6.23,6.14,6.21,1888000
1804,2021-11-24,'300387,6.18,6.2,6.12,6.15,2440053
1805,2021-11-25,'300387,6.26,6.33,6.19,6.2,4256400
1806,2021-11-26,'300387,6.29,6.32,6.22,6.28,2966036
1807,2021-11-29,'300387,6.18,6.25,6.15,6.22,3216655
1808,2021-11-30,'300387,6.38,6.43,6.16,6.2,5936506
1809,2021-12-01,'300387,6.58,6.59,6.33,6.38,5551422
1810,2021-12-02,'300387,6.54,6.59,6.46,6.58,4326976
1811,2021-12-03,'300387,6.51,6.6,6.49,6.54,2520400
1812,2021-12-06,'300387,6.34,6.53,6.26,6.51,3655700
1813,2021-12-07,'300387,6.3,6.42,6.23,6.36,2637480
1814,2021-12-08,'300387,6.33,6.36,6.26,6.32,2555650
1815,2021-12-09,'300387,6.38,6.38,6.29,6.32,2511385
1816,2021-12-10,'300387,6.5,6.52,6.31,6.35,3467514
1817,2021-12-13,'300387,6.43,6.72,6.43,6.69,6543969
1818,2021-12-14,'300387,6.51,6.54,6.37,6.46,4272160
1819,2021-12-15,'300387,6.59,6.63,6.49,6.51,4770700
1820,2021-12-16,'300387,6.67,6.71,6.5,6.58,4839600
1821,2021-12-17,'300387,6.56,6.69,6.54,6.66,4092910
1822,2021-12-20,'300387,6.51,6.64,6.49,6.55,3267700
1823,2021-12-21,'300387,6.68,6.69,6.51,6.51,4426900
1824,2021-12-22,'300387,6.67,6.7,6.62,6.68,3321900
1825,2021-12-23,'300387,6.55,6.68,6.52,6.68,3576708
1826,2021-12-24,'300387,6.38,6.58,6.35,6.55,4244738
1827,2021-12-27,'300387,6.53,6.55,6.34,6.44,2748502
1828,2021-12-28,'300387,6.64,6.64,6.49,6.54,3628106
1829,2021-12-29,'300387,6.66,6.73,6.54,6.58,4811678
1830,2021-12-30,'300387,6.73,6.79,6.61,6.62,4329511
1831,2021-12-31,'300387,6.7,6.79,6.69,6.79,3420277
1832,2022-01-04,'300387,6.85,6.89,6.68,6.7,5881846
1833,2022-01-05,'300387,6.78,6.91,6.73,6.89,3515100
1834,2022-01-06,'300387,6.81,6.92,6.74,6.77,3544372
1835,2022-01-07,'300387,6.65,6.83,6.61,6.82,4430054
1836,2022-01-10,'300387,6.78,6.79,6.6,6.65,3391173
1837,2022-01-11,'300387,6.82,6.97,6.73,6.77,3785440
1838,2022-01-12,'300387,7.02,7.03,6.84,6.87,5449417
1839,2022-01-13,'300387,6.94,7.03,6.92,6.99,3104910
1840,2022-01-14,'300387,6.8,7.01,6.75,6.9,3924310
1841,2022-01-17,'300387,6.89,6.93,6.78,6.88,5606944
1842,2022-01-18,'300387,6.79,7.17,6.73,6.9,8058280
1843,2022-01-19,'300387,7.12,7.22,6.79,6.85,13603966
1844,2022-01-20,'300387,8.54,8.54,7.04,7.12,63203612
1845,2022-01-21,'300387,7.83,8.47,7.57,8.0,53151017
1846,2022-01-24,'300387,7.49,7.95,7.31,7.6,27745190
1847,2022-01-25,'300387,6.76,7.57,6.76,7.38,26628089
1848,2022-01-26,'300387,6.94,7.34,6.75,6.75,19555497
1849,2022-01-27,'300387,6.5,7.14,6.42,7.01,19559739
1850,2022-01-28,'300387,6.92,6.99,6.46,6.48,18900458
1851,2022-02-07,'300387,7.02,7.18,6.82,7.11,11941669
1852,2022-02-08,'300387,7.31,7.35,6.96,7.08,14447870
1853,2022-02-09,'300387,7.49,7.68,7.25,7.32,17155140
1854,2022-02-10,'300387,7.92,8.12,7.4,7.43,30289517
1855,2022-02-11,'300387,7.92,8.14,7.8,7.96,22451114
1856,2022-02-14,'300387,7.86,7.96,7.7,7.71,16921074
1857,2022-02-15,'300387,7.54,7.93,7.38,7.89,21482899
1858,2022-02-16,'300387,7.9,8.0,7.52,7.55,17210955
1859,2022-02-17,'300387,8.89,9.48,8.78,9.0,40722368
1860,2022-02-18,'300387,8.25,8.79,7.96,8.73,50556369
1861,2022-02-21,'300387,8.44,8.65,8.04,8.11,39773819
1862,2022-02-22,'300387,9.22,9.59,8.15,8.31,45246108
1863,2022-02-23,'300387,11.06,11.06,11.0,11.06,27798891
1864,2022-02-24,'300387,10.6,13.19,10.57,11.88,91556692
1865,2022-02-25,'300387,11.29,11.9,10.15,10.15,64324064
1866,2022-02-28,'300387,9.85,11.0,9.8,10.82,53192138
1867,2022-03-01,'300387,10.11,10.32,9.51,9.7,40042403
1868,2022-03-02,'300387,10.26,10.49,9.67,9.89,36290295
1869,2022-03-03,'300387,10.92,11.18,9.99,10.05,47252579
1870,2022-03-04,'300387,11.47,12.62,10.62,10.9,60646600
1871,2022-03-07,'300387,12.03,13.76,11.76,12.47,61522033
1872,2022-03-08,'300387,10.31,11.6,10.15,11.15,49168449
1873,2022-03-09,'300387,9.7,10.55,9.07,10.17,42364063
1874,2022-03-10,'300387,10.05,10.06,9.49,9.83,40478829
1875,2022-03-11,'300387,10.84,11.4,9.81,9.98,48262396
1876,2022-03-14,'300387,10.34,11.5,10.32,10.52,42323381
1877,2022-03-15,'300387,9.14,10.25,9.14,9.87,40687181
1878,2022-03-16,'300387,9.33,9.48,8.88,9.35,32439282
1879,2022-03-17,'300387,9.11,9.73,9.09,9.29,33792780
1880,2022-03-18,'300387,9.11,9.27,8.96,9.09,20601214
1881,2022-03-21,'300387,9.88,9.93,9.15,9.23,36822578
1882,2022-03-22,'300387,9.21,9.87,9.17,9.79,28272462
1883,2022-03-23,'300387,8.93,9.27,8.88,9.13,23439055
1884,2022-03-24,'300387,9.3,9.33,8.7,8.92,26757920
1885,2022-03-25,'300387,9.1,9.59,9.05,9.18,26963820
1886,2022-03-28,'300387,9.2,9.37,8.97,8.97,20958621
1887,2022-03-29,'300387,10.61,11.0,9.26,9.27,54798452
